product_id,total_revenue,total_sales,completed_count,cancel_count,加购_count,收藏_count,浏览_count,点击_count,conversion_rate,avg_review_score,popularity_score
P000001,28109.15,2,1,1,1,1,3,1,0.5,4.0,0.18
P000002,106807.17,6,2,1,4,1,7,7,0.3333,5.0,0.48
P000003,19928.52,4,1,2,1,1,8,5,0.25,4.0,0.33
P000004,1467.05,4,3,0,2,2,6,5,0.75,4.67,0.36
P000005,623.99,6,3,0,0,2,11,2,0.5,5.0,0.47
P000006,15184.14,4,2,0,1,2,6,1,0.5,4.0,0.34
P000007,971.98,9,5,0,0,4,8,5,0.5556,4.33,0.65
P000008,58505.24,7,3,1,0,2,9,3,0.4286,4.5,0.5
P000009,6243.09,8,3,0,0,3,10,1,0.375,4.5,0.59
P000010,21126.64,8,4,1,0,1,10,4,0.5,4.5,0.53
P000011,84958.94,6,2,2,1,4,6,4,0.3333,4.0,0.5
P000012,10800.0,9,4,1,1,2,6,7,0.4444,4.0,0.59
P000013,3781.4700000000003,7,5,1,1,1,9,4,0.7143,4.5,0.49
P000014,22013.67,10,4,1,2,4,7,4,0.4,4.67,0.73
P000015,44696.99,7,4,0,1,5,11,2,0.5714,4.67,0.63
P000016,30868.52,6,3,0,2,2,8,1,0.5,4.0,0.48
P000017,13007.04,5,3,2,1,0,9,1,0.6,5.0,0.36
P000018,24506.97,12,7,2,1,5,6,2,0.5833,4.2,0.83
P000019,20045.95,10,6,0,0,2,10,6,0.6,4.6,0.66
P000020,4972.15,3,1,0,2,2,6,3,0.3333,5.0,0.31
P000021,23153.1,9,2,2,2,1,7,3,0.2222,4.5,0.59
P000022,12309.41,11,5,1,1,2,11,2,0.4545,4.75,0.74
P000023,18849.53,3,0,0,2,3,13,4,0.0,4.23,0.41
P000024,27374.61,10,2,2,2,3,6,1,0.2,4.23,0.69
P000025,20098.43,8,4,1,1,4,10,3,0.5,4.67,0.64
P000026,71099.34,6,3,0,0,2,7,3,0.5,5.0,0.43
P000027,20844.48,7,2,2,3,3,7,4,0.2857,4.5,0.57
P000028,43322.59,8,2,2,3,3,8,0,0.25,4.5,0.63
P000029,3053.42,6,4,0,0,2,9,5,0.6667,5.0,0.45
P000030,22291.39,9,4,1,3,3,10,8,0.4444,4.33,0.7
P000031,130014.85,11,6,1,2,2,8,4,0.5455,4.33,0.73
P000032,18344.73,11,6,1,1,1,6,5,0.5455,4.0,0.66
P000033,8750.55,6,4,0,2,3,5,5,0.6667,4.67,0.48
P000034,9997.84,2,1,0,1,3,6,2,0.5,5.0,0.27
P000035,19323.41,12,7,0,3,7,9,4,0.5833,4.33,0.96
P000036,13933.43,4,1,1,2,4,6,6,0.25,4.23,0.42
P000037,61412.850000000006,13,6,1,2,5,7,5,0.4615,4.67,0.91
P000038,469.72,8,0,2,1,0,3,0,0.0,4.23,0.45
P000039,48300.66,7,3,1,0,1,8,3,0.4286,4.23,0.46
P000040,6401.9,6,2,0,2,2,11,9,0.3333,4.5,0.51
P000041,25626.22,7,2,0,2,3,6,4,0.2857,4.0,0.54
P000042,13479.79,6,2,0,0,0,7,3,0.3333,5.0,0.37
P000043,48071.53,6,2,0,0,3,5,4,0.3333,5.0,0.44
P000044,4768.32,9,4,1,1,0,6,3,0.4444,4.67,0.53
P000045,30441.57,7,2,3,1,1,12,5,0.2857,4.5,0.52
P000046,9919.0,6,2,1,1,3,10,2,0.3333,4.5,0.51
P000047,494.48,4,2,0,1,3,9,4,0.5,4.23,0.4
P000048,931.63,6,4,0,0,4,6,2,0.6667,4.67,0.48
P000049,49164.41,5,3,1,0,4,6,4,0.6,4.33,0.43
P000050,7116.29,12,6,1,1,3,9,6,0.5,4.5,0.8
P000051,868.5,6,1,1,1,2,8,8,0.1667,4.0,0.46
P000052,18697.92,8,4,0,2,3,10,3,0.5,4.67,0.63
P000053,474.21000000000004,6,1,1,1,2,5,5,0.1667,5.0,0.43
P000054,73446.38,7,2,1,0,2,3,6,0.2857,4.23,0.44
P000055,10382.23,8,6,1,0,4,8,2,0.75,4.6,0.6
P000056,15956.42,8,4,1,3,1,13,4,0.5,4.5,0.62
P000057,351.16999999999996,2,0,0,0,2,7,3,0.0,4.23,0.23
P000058,19009.29,10,3,3,0,2,16,2,0.3,4.0,0.72
P000059,98274.63,6,1,1,2,3,7,2,0.1667,4.0,0.5
P000060,18281.66,6,1,1,1,1,2,4,0.1667,4.23,0.37
P000061,71982.84,8,5,0,3,3,14,3,0.625,4.33,0.69
P000062,24264.67,12,7,0,0,3,10,2,0.5833,4.4,0.79
P000063,16822.07,7,2,4,0,2,5,1,0.2857,5.0,0.46
P000064,18118.829999999998,8,3,0,3,2,7,3,0.375,4.33,0.59
P000065,40422.76,11,6,1,2,1,6,5,0.5455,4.67,0.68
P000066,133071.58,7,3,1,1,0,7,6,0.4286,4.5,0.44
P000067,152874.46,11,4,1,0,0,7,3,0.3636,4.33,0.62
P000068,2267.08,3,1,0,0,2,4,4,0.3333,4.23,0.25
P000069,8132.22,11,6,0,0,1,10,3,0.5455,4.67,0.68
P000070,20983.36,12,7,1,1,4,6,0,0.5833,4.0,0.8
P000071,5359.69,6,1,1,0,3,7,1,0.1667,5.0,0.46
P000072,27104.43,12,4,2,2,3,9,3,0.3333,4.0,0.82
P000073,15628.47,6,2,0,3,2,6,2,0.3333,4.0,0.48
P000074,8867.960000000001,8,3,0,1,3,12,5,0.375,5.0,0.63
P000075,104032.6,10,3,2,2,1,11,2,0.3,5.0,0.68
P000076,3361.85,6,2,1,3,1,7,4,0.3333,4.5,0.46
P000077,63341.21,8,5,0,1,3,9,5,0.625,4.4,0.6
P000078,20349.4,11,5,3,0,2,7,5,0.4545,4.5,0.68
P000079,2578.88,4,3,0,1,3,6,6,0.75,4.0,0.37
P000080,6156.610000000001,6,6,0,1,4,6,5,1.0,4.4,0.5
P000081,6162.97,9,1,1,1,1,5,2,0.1111,5.0,0.55
P000082,35318.17,9,2,2,1,1,7,5,0.2222,4.0,0.57
P000083,101618.7,9,3,1,2,3,7,5,0.3333,4.23,0.65
P000084,10071.54,7,4,1,2,4,4,4,0.5714,4.5,0.55
P000085,12236.77,6,3,1,0,1,5,3,0.5,4.0,0.38
P000086,13217.810000000001,5,2,1,6,1,5,7,0.4,5.0,0.45
P000087,1944.25,5,1,1,2,2,6,4,0.2,5.0,0.41
P000088,822.6899999999999,7,4,0,2,2,5,2,0.5714,5.0,0.5
P000089,3441.5200000000004,6,1,0,2,3,4,3,0.1667,5.0,0.47
P000090,7060.400000000001,8,5,1,1,2,6,4,0.625,4.6,0.54
P000091,86596.91,11,3,0,2,1,5,5,0.2727,4.5,0.67
P000092,5879.22,8,2,0,2,0,7,6,0.25,4.0,0.51
P000093,6741.72,4,0,0,2,4,4,4,0.0,4.23,0.4
P000094,437.41,7,7,0,0,2,4,6,1.0,4.6,0.45
P000095,9482.21,8,3,1,1,2,8,4,0.375,4.33,0.56
P000096,38973.16,3,0,0,1,3,10,3,0.0,4.23,0.36
P000097,121431.44,7,2,1,2,3,5,7,0.2857,5.0,0.53
P000098,4643.03,10,4,3,0,2,6,0,0.4,4.33,0.62
P000099,13892.880000000001,7,3,0,0,1,10,3,0.4286,5.0,0.48
P000100,9213.27,10,6,0,4,1,7,1,0.6,4.5,0.68
P000101,1433.8,5,2,0,1,2,10,3,0.4,4.0,0.43
P000102,130368.62,12,3,0,2,2,4,1,0.25,4.0,0.74
P000103,2834.13,10,3,1,0,1,6,1,0.3,4.33,0.59
P000104,3018.5200000000004,4,2,0,0,1,5,7,0.5,4.0,0.28
P000105,1346.47,4,1,1,0,0,9,5,0.25,4.0,0.29
P000106,9760.72,4,1,0,0,2,5,3,0.25,4.0,0.31
P000107,2805.42,9,4,3,1,4,7,6,0.4444,5.0,0.66
P000108,38760.91,8,3,1,0,3,10,4,0.375,4.0,0.59
P000109,988.1800000000001,8,4,1,0,2,5,7,0.5,4.33,0.51
P000110,21093.38,12,4,1,1,4,9,4,0.3333,4.75,0.83
P000111,99480.39,12,4,0,4,4,1,3,0.3333,4.5,0.81
P000112,5532.72,6,4,0,0,2,11,2,0.6667,4.5,0.47
P000113,23292.6,8,4,0,1,1,8,5,0.5,4.5,0.53
P000114,12145.52,7,2,1,1,4,11,6,0.2857,5.0,0.6
P000115,71878.41,6,2,3,0,4,11,2,0.3333,4.0,0.53
P000116,1736.5800000000002,3,1,0,2,2,11,3,0.3333,4.0,0.36
P000117,684.35,7,3,3,1,3,10,4,0.4286,4.0,0.56
P000118,5325.8099999999995,7,0,1,1,2,11,3,0.0,4.23,0.54
P000119,13189.77,10,3,3,0,2,6,5,0.3,4.0,0.62
P000120,12682.880000000001,6,2,1,1,0,7,2,0.3333,4.0,0.39
P000121,15137.85,9,4,0,0,1,7,5,0.4444,4.5,0.55
P000122,5280.94,9,3,0,1,3,10,4,0.3333,4.67,0.66
P000123,11334.02,9,2,1,0,2,17,4,0.2222,4.5,0.68
P000124,5567.71,5,3,0,0,2,7,5,0.6,5.0,0.38
P000125,31616.75,9,4,1,1,2,13,4,0.4444,4.0,0.66
P000126,37985.01,11,8,1,3,3,7,4,0.7273,4.25,0.77
P000127,8104.92,8,4,1,0,1,9,6,0.5,4.0,0.52
P000128,11415.52,12,4,1,0,2,5,5,0.3333,5.0,0.71
P000129,9447.66,4,2,0,0,1,13,5,0.5,5.0,0.36
P000130,218886.91,15,7,2,2,4,3,7,0.4667,4.67,0.94
P000131,3023.6099999999997,10,6,1,0,1,10,7,0.6,4.5,0.63
P000132,827.21,4,1,0,1,3,5,1,0.25,4.0,0.36
P000133,3756.9,2,1,0,1,2,12,3,0.5,4.23,0.3
P000134,13800.58,6,5,0,3,2,3,1,0.8333,4.0,0.45
P000135,10105.45,7,3,0,0,3,4,3,0.4286,4.0,0.48
P000136,5378.71,10,4,2,1,2,5,5,0.4,4.25,0.63
P000137,109246.63,12,5,3,2,0,14,1,0.4167,4.4,0.78
P000138,9329.9,6,3,0,3,3,8,6,0.5,5.0,0.53
P000139,64237.97,13,7,2,2,0,7,4,0.5385,4.5,0.76
P000140,95783.14,9,2,1,2,1,6,5,0.2222,4.0,0.58
P000141,15655.99,12,5,2,4,5,10,2,0.4167,4.25,0.93
P000142,10735.16,6,0,2,1,1,8,4,0.0,4.23,0.43
P000143,887.5799999999999,5,0,1,2,2,8,4,0.0,4.23,0.43
P000144,8924.26,4,2,0,4,2,5,1,0.5,5.0,0.39
P000145,2553.16,8,4,0,2,4,8,3,0.5,4.0,0.64
P000146,3030.45,5,1,0,1,4,9,6,0.2,4.0,0.48
P000147,10729.1,8,5,0,1,4,5,3,0.625,4.75,0.59
P000148,14097.25,6,2,1,3,1,5,2,0.3333,4.0,0.44
P000149,3244.71,5,1,3,1,1,5,2,0.2,4.23,0.35
P000150,139579.0,8,3,0,3,2,4,2,0.375,4.33,0.56
P000151,20583.63,9,3,0,1,1,5,2,0.3333,4.33,0.55
P000152,4286.85,9,4,1,2,1,10,2,0.4444,4.5,0.62
P000153,2150.62,7,3,1,2,4,5,2,0.4286,4.0,0.56
P000154,5809.03,7,5,1,1,4,10,1,0.7143,4.5,0.59
P000155,6282.95,4,2,1,1,4,6,5,0.5,5.0,0.4
P000156,140112.79,11,4,1,1,4,5,2,0.3636,4.5,0.74
P000157,7218.5599999999995,12,3,2,2,1,4,6,0.25,4.33,0.71
P000158,2398.14,8,1,1,0,2,7,3,0.125,5.0,0.53
P000159,5403.8,8,1,0,2,4,13,5,0.125,5.0,0.69
P000160,29526.57,7,3,0,1,4,8,5,0.4286,4.5,0.57
P000161,24983.12,7,2,0,0,3,9,2,0.2857,4.0,0.53
P000162,7452.8,4,0,1,0,3,10,1,0.0,4.23,0.39
P000163,53198.7,5,1,0,1,2,10,5,0.2,4.23,0.43
P000164,15594.81,11,4,1,4,2,7,2,0.3636,4.25,0.76
P000165,18261.67,9,4,0,0,1,7,2,0.4444,4.0,0.55
P000166,178815.82,14,3,1,3,2,10,2,0.2143,4.5,0.92
P000167,18931.28,9,4,0,4,2,5,9,0.4444,4.0,0.64
P000168,16194.05,10,7,2,0,2,8,3,0.7,4.83,0.64
P000169,21768.350000000002,13,5,1,1,2,6,1,0.3846,4.4,0.79
P000170,5680.42,2,0,0,1,3,6,4,0.0,4.23,0.27
P000171,16634.55,11,3,1,1,2,3,4,0.2727,4.23,0.66
P000172,7721.5,5,1,0,3,1,11,4,0.2,4.23,0.45
P000173,72492.03,7,2,0,2,0,13,6,0.2857,5.0,0.52
P000174,5414.83,6,1,0,4,3,15,3,0.1667,5.0,0.62
P000175,7542.78,7,2,0,2,0,8,3,0.2857,5.0,0.47
P000176,7799.030000000001,4,1,0,3,2,6,5,0.25,5.0,0.38
P000177,17676.56,11,3,2,2,0,8,6,0.2727,4.5,0.67
P000178,7218.12,4,2,0,4,3,10,3,0.5,4.0,0.47
P000179,16297.39,10,5,0,2,3,10,1,0.5,4.5,0.73
P000180,4429.25,10,3,2,2,2,6,3,0.3,4.0,0.66
P000181,6970.469999999999,6,3,0,1,3,12,5,0.5,4.0,0.53
P000182,10046.02,3,2,0,0,2,9,3,0.6667,5.0,0.3
P000183,15289.27,10,1,0,0,2,6,4,0.1,4.0,0.62
P000184,1894.53,7,4,0,2,1,4,3,0.5714,5.0,0.46
P000185,8349.67,8,3,1,3,2,10,2,0.375,4.23,0.62
P000186,3577.46,7,4,1,1,1,6,3,0.5714,4.67,0.46
P000187,3952.18,7,3,1,1,2,6,4,0.4286,4.5,0.49
P000188,15700.35,9,3,3,1,2,3,3,0.3333,4.67,0.56
P000189,19717.97,8,4,1,1,1,12,3,0.5,4.33,0.57
P000190,10041.82,8,3,0,3,1,6,9,0.375,4.0,0.55
P000191,5158.43,6,2,1,2,0,4,4,0.3333,4.5,0.38
P000192,37711.49,13,8,2,0,2,6,3,0.6154,4.33,0.77
P000193,23060.65,7,3,1,2,1,8,6,0.4286,4.5,0.5
P000194,21265.98,10,2,1,0,3,6,3,0.2,5.0,0.65
P000195,15484.119999999999,8,5,1,0,3,8,6,0.625,5.0,0.57
P000196,13853.95,9,2,3,1,0,3,3,0.2222,4.0,0.5
P000197,21647.760000000002,11,5,1,1,4,12,3,0.4545,4.0,0.81
P000198,37871.009999999995,9,3,1,0,2,2,1,0.3333,4.0,0.53
P000199,28632.65,8,5,1,2,1,13,3,0.625,4.6,0.6
P000200,2695.77,8,4,0,4,1,6,3,0.5,4.0,0.57
P000201,9542.32,8,3,2,6,3,5,3,0.375,4.67,0.66
P000202,95150.29000000001,6,5,0,2,2,11,2,0.8333,4.67,0.51
P000203,2576.05,3,2,0,1,1,7,6,0.6667,4.5,0.27
P000204,28196.58,7,3,1,0,3,5,3,0.4286,4.23,0.49
P000205,26781.17,13,5,2,3,3,3,3,0.3846,4.4,0.83
P000206,122241.69,10,7,0,1,4,9,2,0.7,4.6,0.73
P000207,5047.65,6,3,1,1,0,1,1,0.5,5.0,0.33
P000208,5548.4,5,3,0,1,2,8,3,0.6,4.5,0.41
P000209,10183.960000000001,9,3,2,3,2,8,2,0.3333,4.0,0.65
P000210,11822.82,6,3,0,0,3,5,4,0.5,5.0,0.44
P000211,4897.7,8,4,3,2,0,2,2,0.5,5.0,0.46
P000212,15359.220000000001,4,2,0,0,3,9,3,0.5,4.5,0.38
P000213,32123.98,11,4,1,1,0,6,8,0.3636,4.67,0.63
P000214,20902.059999999998,9,3,2,1,0,8,5,0.3333,4.23,0.55
P000215,108106.23,9,3,0,4,4,7,0,0.3333,4.0,0.72
P000216,14461.84,8,3,1,1,4,4,6,0.375,4.0,0.58
P000217,114363.92,8,2,1,1,3,9,2,0.25,4.23,0.6
P000218,4251.9,7,4,0,2,0,9,2,0.5714,4.33,0.48
P000219,7464.91,6,3,0,0,3,4,3,0.5,4.0,0.43
P000220,22410.190000000002,10,3,0,1,2,3,3,0.3,4.33,0.61
P000221,14568.09,8,7,0,2,3,9,4,0.875,4.8,0.62
P000222,13835.2,6,2,0,4,3,11,4,0.3333,4.0,0.58
P000223,10526.35,7,2,0,1,3,5,5,0.2857,5.0,0.51
P000224,6963.219999999999,5,2,0,0,3,8,4,0.4,4.5,0.42
P000225,172739.78,10,3,0,4,1,6,4,0.3,4.5,0.67
P000226,29798.85,13,6,1,2,0,9,0,0.4615,4.67,0.78
P000227,11753.21,8,0,1,0,1,4,0,0.0,4.23,0.47
P000228,19926.49,10,3,2,3,2,8,3,0.3,4.0,0.7
P000229,2820.55,7,4,0,2,1,9,5,0.5714,5.0,0.51
P000230,2792.53,14,3,1,0,2,8,8,0.2143,4.5,0.84
P000231,1921.16,8,5,1,1,2,8,4,0.625,4.67,0.56
P000232,14943.69,7,1,2,1,2,4,6,0.1429,5.0,0.47
P000233,6192.91,6,3,0,2,2,2,4,0.5,4.0,0.42
P000234,21192.82,8,5,1,0,5,4,4,0.625,4.25,0.59
P000235,11954.800000000001,8,3,0,3,1,12,4,0.375,4.67,0.61
P000236,9399.81,5,2,0,1,1,7,4,0.4,4.5,0.37
P000237,16596.47,11,3,2,0,2,4,7,0.2727,4.5,0.65
P000238,147985.06,11,6,0,0,2,8,4,0.5455,4.5,0.69
P000239,11245.57,6,2,1,1,3,12,2,0.3333,5.0,0.53
P000240,1454.58,5,3,0,6,4,7,8,0.6,4.67,0.56
P000241,12929.69,7,2,1,1,1,6,2,0.2857,5.0,0.46
P000242,40909.43,13,6,1,0,3,8,4,0.4615,4.67,0.82
P000243,8187.82,5,0,0,4,3,9,1,0.0,4.23,0.51
P000244,9842.529999999999,6,2,2,1,3,5,4,0.3333,4.5,0.46
P000245,5324.35,4,3,0,0,4,14,3,0.75,4.23,0.46
P000246,14470.970000000001,8,3,0,1,3,10,3,0.375,4.67,0.61
P000247,151487.87,8,5,2,0,0,13,6,0.625,4.67,0.53
P000248,20802.9,5,3,1,0,2,8,3,0.6,5.0,0.39
P000249,90534.13,9,2,3,1,1,2,4,0.2222,4.5,0.52
P000250,12689.69,7,3,0,1,2,9,4,0.4286,4.33,0.52
P000251,1382.7,6,4,0,1,1,7,3,0.6667,4.75,0.42
P000252,15743.74,11,7,1,0,1,5,3,0.6364,4.6,0.63
P000253,4612.63,5,1,1,3,2,4,0,0.2,4.23,0.41
P000254,2770.69,9,4,0,2,1,10,3,0.4444,5.0,0.62
P000255,7122.48,9,1,2,3,2,7,5,0.1111,4.0,0.64
P000256,14775.630000000001,12,5,2,1,4,9,3,0.4167,4.4,0.83
P000257,3236.23,6,1,0,2,3,7,5,0.1667,4.23,0.5
P000258,10410.83,8,4,1,1,2,10,2,0.5,4.5,0.58
P000259,47669.270000000004,6,2,2,1,2,12,3,0.3333,4.0,0.5
P000260,13201.279999999999,10,4,0,3,1,10,3,0.4,4.0,0.69
P000261,29768.67,7,2,1,2,2,4,7,0.2857,4.0,0.49
P000262,1925.5,2,2,0,0,5,12,2,1.0,4.0,0.37
P000263,8456.6,4,0,0,0,1,8,2,0.0,4.23,0.31
P000264,5512.66,5,1,0,2,2,4,1,0.2,4.0,0.39
P000265,10097.5,4,1,2,0,2,3,2,0.25,4.23,0.29
P000266,2920.7,8,2,0,0,2,9,4,0.25,4.0,0.55
P000267,129144.78,13,5,5,2,1,7,4,0.3846,4.33,0.79
P000268,27136.79,7,3,0,3,3,5,3,0.4286,5.0,0.55
P000269,5369.74,7,2,1,1,1,7,6,0.2857,4.0,0.47
P000270,32405.76,8,2,0,2,1,6,4,0.25,4.5,0.53
P000271,1056.85,8,2,2,1,1,7,7,0.25,4.23,0.52
P000272,31757.01,4,1,0,2,3,6,2,0.25,4.23,0.39
P000273,128417.44,9,0,0,2,1,4,2,0.0,4.23,0.56
P000274,14607.5,8,3,1,0,2,11,3,0.375,5.0,0.57
P000275,171551.76,12,8,1,1,1,9,6,0.6667,4.8,0.74
P000276,4584.31,1,1,0,1,2,6,6,1.0,5.0,0.19
P000277,15735.730000000001,8,1,0,2,4,7,7,0.125,4.0,0.63
P000278,1218.6399999999999,7,3,0,3,4,9,1,0.4286,4.5,0.62
P000279,10039.22,10,4,1,1,2,13,2,0.4,4.0,0.71
P000280,173.83,5,2,1,1,3,4,3,0.4,4.5,0.4
P000281,1683.51,8,3,0,2,3,10,8,0.375,4.0,0.63
P000282,46869.84,13,4,1,2,2,7,4,0.3077,4.5,0.82
P000283,2258.55,6,2,1,2,0,14,4,0.3333,4.5,0.48
P000284,14545.59,8,2,1,1,2,11,4,0.25,4.23,0.59
P000285,154109.0,10,7,2,2,3,7,4,0.7,4.67,0.7
P000286,101340.92,10,2,1,2,3,8,8,0.2,4.5,0.71
P000287,5271.18,6,3,1,2,4,7,2,0.5,5.0,0.53
P000288,21405.69,10,5,0,0,3,5,1,0.5,4.33,0.64
P000289,16779.08,9,4,0,2,3,9,4,0.4444,4.5,0.67
P000290,22794.62,8,2,0,0,1,5,6,0.25,4.0,0.48
P000291,4955.74,10,4,3,0,2,7,6,0.4,4.67,0.63
P000292,9625.0,7,5,0,0,1,7,1,0.7143,5.0,0.45
P000293,4345.43,8,4,0,1,3,11,4,0.5,4.25,0.62
P000294,7850.969999999999,4,3,0,2,6,7,2,0.75,5.0,0.49
P000295,2138.07,8,6,1,0,1,5,1,0.75,4.4,0.48
P000296,2886.66,9,6,1,2,1,8,2,0.6667,4.8,0.6
P000297,23719.63,8,2,1,1,1,8,2,0.25,4.0,0.53
P000298,6179.85,5,2,0,1,2,6,4,0.4,4.23,0.39
P000299,11037.23,7,3,0,1,2,6,6,0.4286,5.0,0.49
P000300,12110.45,7,1,0,0,3,5,4,0.1429,4.23,0.49
P000301,7982.14,7,3,1,2,4,11,3,0.4286,5.0,0.62
P000302,2039.72,6,3,0,2,3,10,4,0.5,5.0,0.53
P000303,4201.7300000000005,8,4,0,0,3,10,3,0.5,4.5,0.59
P000304,3357.94,7,4,0,1,4,10,4,0.5714,4.0,0.59
P000305,4010.07,4,2,0,1,0,6,1,0.5,5.0,0.28
P000306,71379.09,5,1,1,2,0,6,2,0.2,4.0,0.35
P000307,4000.2200000000003,4,3,0,3,1,8,3,0.75,4.0,0.37
P000308,2911.8900000000003,3,2,1,1,2,5,4,0.6667,4.5,0.28
P000309,2898.5200000000004,2,1,0,1,1,5,3,0.5,4.0,0.2
P000310,3723.7200000000003,6,5,0,0,4,9,4,0.8333,4.33,0.51
P000311,9604.0,8,2,2,3,3,4,2,0.25,4.5,0.59
P000312,28335.44,12,6,0,4,2,12,2,0.5,4.0,0.86
P000313,14746.83,9,3,0,3,2,6,5,0.3333,4.33,0.63
P000314,20543.89,11,7,2,4,3,5,0,0.6364,4.43,0.77
P000315,15212.46,7,5,0,4,2,11,3,0.7143,4.75,0.6
P000316,8865.48,9,5,0,1,2,9,5,0.5556,4.5,0.62
P000317,4054.49,7,3,1,0,0,9,7,0.4286,5.0,0.44
P000318,6950.5,6,2,1,0,4,9,3,0.3333,4.0,0.51
P000319,3269.6,4,1,0,2,1,8,2,0.25,5.0,0.35
P000320,68543.8,9,3,2,4,1,8,3,0.3333,4.0,0.64
P000321,27685.13,19,5,2,0,0,6,6,0.2632,4.8,1.01
P000322,2045.05,6,3,1,2,1,10,2,0.5,4.33,0.47
P000323,192.49,9,2,2,2,4,9,4,0.2222,4.5,0.7
P000324,19906.64,11,2,1,0,1,8,2,0.1818,4.0,0.66
P000325,682.34,11,4,2,3,1,9,8,0.3636,4.5,0.73
P000326,3126.76,5,3,0,3,1,6,2,0.6,4.33,0.4
P000327,18523.76,6,2,2,0,2,5,6,0.3333,4.5,0.41
P000328,125660.05,6,3,1,0,3,5,4,0.5,4.0,0.44
P000329,54792.05,7,0,0,3,1,10,10,0.0,4.23,0.54
P000330,6115.29,9,5,1,0,1,8,2,0.5556,4.0,0.56
P000331,29321.47,11,4,2,2,4,5,3,0.3636,4.67,0.76
P000332,6490.48,5,3,0,2,1,8,6,0.6,4.0,0.4
P000333,19981.91,8,3,0,2,1,9,8,0.375,4.5,0.56
P000334,2753.83,8,1,0,0,0,6,3,0.125,5.0,0.46
P000335,16227.31,9,2,0,0,5,5,8,0.2222,5.0,0.65
P000336,8106.9,8,5,0,2,1,9,5,0.625,4.8,0.56
P000337,63362.16,9,3,0,3,1,5,5,0.3333,5.0,0.59
P000338,7588.42,5,3,0,2,2,9,6,0.6,4.67,0.44
P000339,15381.2,7,2,0,2,3,9,2,0.2857,4.5,0.57
P000340,3879.3199999999997,7,2,1,2,2,9,5,0.2857,5.0,0.54
P000341,3804.8799999999997,7,2,3,2,1,6,3,0.2857,4.0,0.48
P000342,18770.600000000002,9,3,2,1,2,7,1,0.3333,4.0,0.6
P000343,7103.25,3,2,0,1,2,4,6,0.6667,4.0,0.27
P000344,11217.16,6,2,0,0,1,6,5,0.3333,5.0,0.39
P000345,3344.42,4,3,0,1,2,10,4,0.75,4.0,0.38
P000346,4022.66,8,5,1,2,5,5,3,0.625,4.5,0.64
P000347,22161.38,10,3,1,0,1,8,8,0.3,4.5,0.61
P000348,216018.83,11,3,3,1,4,4,0,0.2727,5.0,0.73
P000349,4392.71,2,1,0,0,2,9,8,0.5,4.0,0.25
P000350,6559.45,7,1,2,2,1,10,1,0.1429,4.0,0.52
P000351,9158.54,6,2,1,0,4,11,2,0.3333,5.0,0.53
P000352,9080.61,8,5,0,2,2,6,7,0.625,4.0,0.56
P000353,6877.679999999999,6,4,0,4,1,12,5,0.6667,4.33,0.53
P000354,4229.57,4,3,1,4,4,4,2,0.75,5.0,0.44
P000355,20178.56,10,7,1,1,3,6,3,0.7,4.6,0.67
P000356,2061.05,7,5,0,0,4,4,2,0.7143,4.5,0.51
P000357,38882.62,10,6,0,3,3,8,7,0.6,4.5,0.73
P000358,22264.37,10,1,3,1,2,12,5,0.1,4.0,0.7
P000359,57761.22,3,1,1,0,4,11,1,0.3333,4.23,0.38
P000360,5123.84,5,1,0,2,1,5,2,0.2,4.0,0.37
P000361,11674.67,10,5,1,1,2,7,3,0.5,5.0,0.65
P000362,1223.68,5,1,1,3,4,11,0,0.2,4.23,0.54
P000363,65901.28,9,6,1,2,2,12,1,0.6667,4.75,0.67
P000364,4605.98,8,4,0,2,1,7,8,0.5,4.75,0.54
P000365,873.62,9,5,1,0,1,9,3,0.5556,4.33,0.57
P000366,7425.200000000001,6,1,0,2,1,7,2,0.1667,4.23,0.44
P000367,14116.1,8,3,0,0,0,3,4,0.375,4.5,0.43
P000368,4792.38,3,2,0,1,4,5,6,0.6667,5.0,0.34
P000369,9426.43,6,2,0,1,0,10,6,0.3333,4.5,0.42
P000370,12072.78,6,3,2,2,2,15,1,0.5,4.67,0.55
P000371,18941.84,7,1,0,0,3,7,2,0.1429,4.0,0.51
P000372,8346.18,7,5,0,0,1,5,7,0.7143,4.67,0.43
P000373,12452.0,8,3,0,1,1,10,2,0.375,4.67,0.55
P000374,18288.34,8,4,0,3,2,7,5,0.5,4.75,0.59
P000375,5199.03,16,8,2,2,2,8,4,0.5,4.6,0.98
P000376,11636.35,10,3,0,1,6,8,0,0.3,4.5,0.78
P000377,14139.28,4,2,0,2,5,4,2,0.5,5.0,0.43
P000378,198.86,3,2,1,2,3,4,7,0.6667,5.0,0.32
P000379,4068.64,4,0,0,4,1,9,2,0.0,4.23,0.4
P000380,7981.47,7,1,1,2,3,6,6,0.1429,5.0,0.54
P000381,3726.7,11,6,0,3,0,10,5,0.5455,4.75,0.71
P000382,18535.8,2,0,1,3,3,13,3,0.0,4.23,0.38
P000383,22844.35,9,3,3,2,2,10,6,0.3333,4.5,0.65
P000384,3902.8199999999997,4,1,0,0,1,11,4,0.25,4.0,0.34
P000385,19367.53,6,3,0,4,1,9,2,0.5,4.5,0.5
P000386,12120.98,9,3,1,0,0,14,4,0.3333,5.0,0.59
P000387,22839.47,15,4,1,1,1,6,4,0.2667,4.5,0.86
P000388,262.04,6,1,0,2,2,10,4,0.1667,5.0,0.5
P000389,4296.9800000000005,5,2,2,1,0,3,3,0.4,4.5,0.3
P000390,58144.69,5,3,0,3,2,9,2,0.6,4.5,0.46
P000391,7571.8,6,3,0,1,2,8,2,0.5,4.67,0.46
P000392,22916.77,11,3,3,1,4,4,2,0.2727,4.0,0.73
P000393,5346.2300000000005,8,2,0,3,2,6,3,0.25,4.23,0.58
P000394,5837.530000000001,7,2,2,3,3,9,5,0.2857,5.0,0.59
P000395,13647.88,1,0,0,0,0,5,9,0.0,4.23,0.1
P000396,3145.5699999999997,8,4,0,3,1,11,3,0.5,4.0,0.6
P000397,2543.5299999999997,4,1,1,2,1,5,4,0.25,4.0,0.32
P000398,12065.9,9,1,1,1,0,7,5,0.1111,5.0,0.54
P000399,13142.169999999998,5,4,0,1,5,8,3,0.8,4.25,0.5
P000400,38803.26,5,4,0,1,1,8,2,0.8,4.25,0.38
P000401,438.74,11,2,0,1,4,4,1,0.1818,4.0,0.73
P000402,5075.41,8,4,0,2,3,6,2,0.5,4.67,0.59
P000403,5458.71,6,2,0,0,1,7,5,0.3333,4.0,0.4
P000404,13019.94,6,2,0,2,4,8,6,0.3333,4.5,0.54
P000405,96093.57,11,4,2,1,1,8,1,0.3636,4.75,0.68
P000406,9060.6,5,2,1,3,4,8,4,0.4,4.0,0.51
P000407,150.39,3,1,2,2,6,16,6,0.3333,4.0,0.53
P000408,26258.9,12,6,3,0,5,4,4,0.5,4.5,0.79
P000409,115501.01,6,3,1,1,3,8,3,0.5,5.0,0.49
P000410,59423.59,8,6,0,2,4,9,4,0.75,4.5,0.65
P000411,5826.719999999999,4,3,0,2,5,5,5,0.75,4.5,0.44
P000412,9681.22,11,3,4,0,0,5,1,0.2727,4.5,0.6
P000413,236567.17,14,7,1,1,2,11,3,0.5,4.6,0.89
P000414,10227.25,8,5,1,3,5,7,2,0.625,4.8,0.68
P000415,5819.04,8,4,0,2,3,10,3,0.5,4.0,0.63
P000416,67124.61,6,2,1,2,4,9,1,0.3333,4.0,0.55
P000417,15016.02,9,2,1,3,5,4,6,0.2222,4.5,0.7
P000418,22661.12,5,2,1,1,3,8,4,0.4,4.0,0.44
P000419,7597.09,9,5,1,2,1,9,4,0.5556,4.5,0.61
P000420,8279.41,7,2,1,2,4,8,3,0.2857,4.5,0.59
P000421,18216.28,8,2,2,1,3,12,5,0.25,4.0,0.63
P000422,136329.31,8,2,0,0,4,10,5,0.25,5.0,0.62
P000423,9608.89,7,2,2,0,3,6,3,0.2857,4.0,0.5
P000424,5967.29,6,1,1,1,5,13,4,0.1667,4.0,0.6
P000425,7239.5599999999995,7,2,2,1,3,9,7,0.2857,4.0,0.55
P000426,6449.72,8,4,0,0,0,6,4,0.5,4.75,0.46
P000427,4190.38,5,3,0,2,1,5,3,0.6,4.33,0.37
P000428,4776.28,5,1,1,0,2,5,3,0.2,5.0,0.36
P000429,13100.57,9,3,0,0,1,12,2,0.3333,5.0,0.6
P000430,8035.969999999999,4,2,1,1,4,9,4,0.5,4.0,0.43
P000431,89886.43,9,6,0,3,4,7,2,0.6667,4.2,0.7
P000432,7263.59,8,4,2,3,2,9,6,0.5,4.67,0.61
P000433,15604.98,7,2,0,0,1,9,3,0.2857,5.0,0.47
P000434,6408.89,12,4,1,3,6,9,3,0.3333,4.67,0.93
P000435,27725.09,10,4,0,1,1,4,5,0.4,4.33,0.59
P000436,81593.21,7,2,0,0,1,4,3,0.2857,4.0,0.42
P000437,3938.41,8,4,0,0,0,4,3,0.5,5.0,0.44
P000438,41194.4,5,3,0,1,5,8,4,0.6,4.33,0.5
P000439,7211.46,7,2,0,3,2,5,2,0.2857,5.0,0.52
P000440,6811.88,5,0,1,0,1,9,1,0.0,4.23,0.37
P000441,1763.22,9,3,1,2,1,6,7,0.3333,4.5,0.58
P000442,2325.0,4,3,0,0,2,4,8,0.75,4.5,0.3
P000443,2901.46,6,2,0,5,0,6,1,0.3333,4.5,0.46
P000444,16405.11,11,5,0,3,5,5,5,0.4545,4.5,0.81
P000445,12804.02,9,1,3,3,3,8,7,0.1111,4.0,0.68
P000446,64059.21,5,2,0,1,2,11,6,0.4,4.0,0.44
P000447,14483.76,6,1,2,0,2,7,4,0.1667,4.0,0.43
P000448,129459.03,9,5,1,0,1,11,4,0.5556,4.67,0.59
P000449,13767.81,8,3,0,0,0,7,3,0.375,5.0,0.47
P000450,17919.9,10,4,1,3,3,5,5,0.4,4.33,0.7
P000451,2765.02,5,2,2,2,2,5,1,0.4,4.0,0.4
P000452,72020.25,8,4,0,0,0,0,3,0.5,4.67,0.4
P000453,15324.24,9,2,1,2,4,8,4,0.2222,5.0,0.69
P000454,5863.860000000001,4,3,1,4,0,5,0,0.75,4.67,0.33
P000455,12302.78,9,6,0,1,0,13,2,0.6667,4.0,0.6
P000456,149747.79,9,0,2,2,1,9,9,0.0,4.23,0.61
P000457,564.46,6,2,2,3,3,5,3,0.3333,4.5,0.5
P000458,34010.36,14,6,0,0,0,11,2,0.4286,4.6,0.81
P000459,87197.64,7,1,1,1,4,11,5,0.1429,4.23,0.6
P000460,8975.11,5,3,0,2,2,1,4,0.6,4.0,0.36
P000461,3767.2799999999997,4,1,1,1,1,2,0,0.25,4.23,0.27
P000462,2667.92,2,2,0,4,1,4,4,1.0,5.0,0.25
P000463,19440.94,11,4,1,0,0,9,2,0.3636,4.33,0.64
P000464,17219.48,9,4,1,3,1,11,5,0.4444,4.25,0.65
P000465,23108.55,13,5,1,1,2,5,5,0.3846,4.5,0.78
P000466,17956.5,9,6,0,0,4,5,3,0.6667,4.6,0.62
P000467,26078.6,12,4,3,0,1,8,2,0.3333,4.67,0.71
P000468,7155.82,7,3,0,1,2,8,6,0.4286,5.0,0.51
P000469,21790.06,4,0,0,2,2,12,3,0.0,4.23,0.42
P000470,9140.9,8,3,0,1,1,7,6,0.375,5.0,0.52
P000471,12759.05,12,6,3,0,1,4,2,0.5,4.8,0.67
P000472,11257.28,9,2,2,2,0,8,3,0.2222,4.5,0.57
P000473,1081.59,5,1,0,1,3,8,5,0.2,5.0,0.44
P000474,3128.04,10,2,2,3,2,8,3,0.2,4.0,0.7
P000475,143699.37,12,6,1,2,3,7,5,0.5,5.0,0.8
P000476,750.79,4,0,2,1,2,4,1,0.0,4.23,0.32
P000477,12082.36,8,2,1,1,4,4,6,0.25,5.0,0.58
P000478,5901.0,8,3,1,4,1,5,3,0.375,4.0,0.56
P000479,34706.4,8,3,0,0,6,12,5,0.375,4.0,0.7
P000480,2459.8,7,4,1,1,1,8,5,0.5714,4.25,0.48
P000481,10584.88,9,3,1,2,3,7,1,0.3333,4.0,0.65
P000482,32458.690000000002,8,5,0,2,3,6,4,0.625,4.33,0.59
P000483,13220.94,10,6,0,2,2,7,1,0.6,4.2,0.67
P000484,240439.03,15,6,1,2,0,4,5,0.4,4.75,0.83
P000485,4133.09,4,0,1,0,2,12,6,0.0,4.23,0.38
P000486,80320.84,7,3,0,2,3,6,3,0.4286,4.33,0.54
P000487,12263.400000000001,9,5,1,0,4,8,3,0.5556,4.5,0.65
P000488,10026.310000000001,7,2,1,2,3,10,5,0.2857,4.0,0.58
P000489,26838.06,9,3,2,5,4,10,3,0.3333,4.5,0.77
P000490,18239.190000000002,10,6,1,2,0,6,4,0.6,4.67,0.6
P000491,10930.9,9,4,0,1,4,8,1,0.4444,4.0,0.67
P000492,5391.54,6,2,1,2,2,4,5,0.3333,4.0,0.44
P000493,100564.92,7,5,2,2,1,9,5,0.7143,4.0,0.51
P000494,17877.38,8,3,1,1,2,7,4,0.375,4.0,0.55
P000495,24750.68,9,0,2,1,1,8,3,0.0,4.23,0.58
P000496,2306.66,4,1,0,0,2,4,4,0.25,4.0,0.3
P000497,6201.81,8,2,0,0,1,3,3,0.25,4.0,0.46
P000498,109580.48,11,7,1,2,5,3,2,0.6364,4.83,0.77
P000499,37243.27,11,5,1,1,2,8,3,0.4545,4.25,0.71
P000500,25247.09,9,1,2,0,5,7,6,0.1111,4.23,0.67
P000501,9150.15,10,4,0,1,2,7,5,0.4,4.5,0.65
P000502,102617.56,8,6,0,1,4,2,2,0.75,4.75,0.56
P000503,24869.71,4,2,0,1,3,11,3,0.5,4.0,0.42
P000504,1939.03,4,2,0,2,3,12,6,0.5,4.0,0.45
P000505,9977.53,11,3,1,1,5,14,2,0.2727,4.67,0.86
P000506,16669.05,6,4,0,2,3,7,5,0.6667,4.0,0.5
P000507,5833.43,3,0,1,1,3,4,4,0.0,4.23,0.3
P000508,21619.53,8,3,0,1,3,7,0,0.375,4.67,0.58
P000509,3419.59,5,3,0,2,2,7,3,0.6,4.0,0.42
P000510,4023.35,8,1,3,2,2,2,4,0.125,4.0,0.52
P000511,8731.56,6,1,1,2,2,5,2,0.1667,4.23,0.45
P000512,8007.34,11,3,3,1,1,6,3,0.2727,4.33,0.66
P000513,20407.420000000002,8,4,2,1,3,9,3,0.5,5.0,0.6
P000514,8398.59,5,4,1,2,1,10,5,0.8,4.33,0.42
P000515,24931.329999999998,12,5,1,2,5,6,6,0.4167,4.33,0.85
P000516,8110.75,9,4,1,4,6,6,4,0.4444,4.33,0.77
P000517,3229.98,7,2,0,2,2,6,7,0.2857,4.0,0.51
P000518,128054.18,9,5,1,2,3,8,4,0.5556,4.5,0.66
P000519,9991.25,7,4,0,1,1,10,5,0.5714,4.33,0.5
P000520,13401.130000000001,15,5,0,1,2,9,5,0.3333,4.33,0.92
P000521,2830.57,4,2,1,2,0,4,2,0.5,4.5,0.28
P000522,6625.01,7,4,1,0,1,7,3,0.5714,4.5,0.45
P000523,4943.0199999999995,5,1,0,1,4,9,4,0.2,5.0,0.48
P000524,2388.59,8,4,0,1,2,8,3,0.5,4.67,0.56
P000525,16119.95,7,3,0,0,0,6,4,0.4286,5.0,0.41
P000526,1069.51,8,3,2,1,3,3,4,0.375,4.5,0.54
P000527,3042.66,3,2,0,2,2,8,4,0.6667,4.5,0.33
P000528,16959.23,10,4,2,1,2,8,5,0.4,4.5,0.66
P000529,32329.68,9,4,1,2,2,4,4,0.4444,4.67,0.59
P000530,21617.23,11,4,3,2,1,9,9,0.3636,5.0,0.71
P000531,58056.1,13,6,1,0,4,4,4,0.4615,4.4,0.81
P000532,23400.18,13,8,0,2,2,12,0,0.6154,4.17,0.87
P000533,18927.72,8,5,0,0,3,8,1,0.625,4.5,0.57
P000534,4085.4,5,4,0,2,3,6,1,0.8,4.33,0.44
P000535,3816.75,14,6,1,2,1,6,3,0.4286,4.75,0.83
P000536,52957.81,3,2,0,2,1,8,3,0.6667,4.0,0.3
P000537,9564.46,8,2,1,2,1,5,3,0.25,5.0,0.52
P000538,25241.63,10,8,0,1,3,14,4,0.8,4.29,0.75
P000539,39249.48,10,4,2,2,1,10,5,0.4,4.5,0.67
P000540,17273.34,10,5,0,5,2,6,4,0.5,5.0,0.72
P000541,15543.71,6,2,0,4,2,6,3,0.3333,4.5,0.5
P000542,80671.48,9,4,1,1,4,7,2,0.4444,4.33,0.66
P000543,3828.84,3,1,1,2,2,5,3,0.3333,5.0,0.3
P000544,31525.34,3,0,0,2,8,6,5,0.0,4.23,0.49
P000545,6388.76,12,4,3,0,1,9,6,0.3333,4.5,0.72
P000546,2984.05,8,3,2,3,6,4,3,0.375,4.0,0.68
P000547,53326.39,13,8,1,0,3,10,6,0.6154,4.75,0.84
P000548,47263.740000000005,3,2,0,2,1,9,0,0.6667,4.23,0.31
P000549,3296.63,6,3,1,1,4,9,6,0.5,4.0,0.53
P000550,13444.43,9,4,0,0,2,7,3,0.4444,4.67,0.58
P000551,37620.97,14,8,0,0,1,10,5,0.5714,4.5,0.83
P000552,15727.09,7,4,0,1,2,9,5,0.5714,4.33,0.52
P000553,1242.9099999999999,6,2,0,2,2,8,3,0.3333,4.5,0.48
P000554,9354.26,9,5,1,1,1,9,5,0.5556,5.0,0.59
P000555,4630.64,4,2,1,2,1,7,3,0.5,4.0,0.34
P000556,20603.3,8,4,0,1,0,7,5,0.5,4.33,0.49
P000557,6126.4,5,1,2,2,2,11,4,0.2,4.0,0.46
P000558,9976.0,6,2,0,3,3,8,2,0.3333,4.5,0.53
P000559,13467.710000000001,7,5,0,3,3,9,3,0.7143,4.2,0.59
P000560,16671.82,9,4,1,2,3,5,3,0.4444,4.0,0.63
P000561,9693.73,9,4,0,1,1,9,4,0.4444,4.5,0.59
P000562,813.27,3,1,0,1,2,8,5,0.3333,4.23,0.31
P000563,3110.5099999999998,9,5,1,1,2,10,1,0.5556,4.8,0.63
P000564,17030.93,12,4,3,2,5,6,4,0.3333,5.0,0.85
P000565,7820.6900000000005,9,4,1,1,1,2,5,0.4444,5.0,0.52
P000566,18166.68,9,4,0,0,2,5,4,0.4444,4.33,0.56
P000567,4911.6,11,3,1,0,4,8,3,0.2727,4.0,0.75
P000568,4646.46,4,2,1,1,4,9,4,0.5,4.5,0.43
P000569,6891.44,9,5,2,2,2,7,3,0.5556,4.2,0.62
P000570,99166.98,9,2,1,0,2,11,6,0.2222,4.0,0.62
P000571,668.34,4,2,0,1,3,6,2,0.5,4.0,0.37
P000572,20275.92,17,6,2,0,3,9,4,0.3529,4.67,1.03
P000573,7641.97,5,2,0,1,2,7,6,0.4,4.0,0.4
P000574,34786.59,7,1,1,1,1,9,3,0.1429,5.0,0.49
P000575,9981.78,7,5,0,2,1,10,4,0.7143,5.0,0.52
P000576,8850.07,6,0,2,2,0,5,2,0.0,4.23,0.39
P000577,1165.47,10,2,1,1,1,9,5,0.2,4.5,0.64
P000578,10001.36,7,3,0,1,4,10,4,0.4286,5.0,0.59
P000579,7358.83,8,4,0,1,1,8,3,0.5,4.67,0.53
P000580,2352.7000000000003,9,5,2,2,1,8,6,0.5556,5.0,0.6
P000581,7660.93,10,4,0,1,1,5,3,0.4,4.33,0.6
P000582,3326.2,5,2,0,3,0,8,1,0.4,4.0,0.39
P000583,3659.62,5,0,1,0,3,13,3,0.0,4.23,0.47
P000584,29746.88,14,5,0,3,4,7,3,0.3571,4.0,0.95
P000585,5185.8099999999995,6,3,0,0,1,14,6,0.5,5.0,0.47
P000586,75207.3,10,6,1,3,2,2,4,0.6,4.6,0.64
P000587,27685.02,10,5,0,1,4,6,2,0.5,4.33,0.7
P000588,35127.51,7,0,1,1,4,7,4,0.0,4.23,0.56
P000589,13628.539999999999,13,4,1,1,1,8,5,0.3077,4.5,0.78
P000590,6960.98,10,2,2,2,2,11,4,0.2,5.0,0.71
P000591,1180.21,6,1,2,3,0,7,7,0.1667,5.0,0.43
P000592,3394.88,9,0,0,1,2,5,7,0.0,4.23,0.58
P000593,890.98,6,1,1,1,5,5,4,0.1667,5.0,0.52
P000594,2556.75,7,3,0,3,1,7,7,0.4286,4.5,0.51
P000595,7891.89,7,1,2,1,3,9,3,0.1429,4.23,0.55
P000596,11614.49,6,2,1,0,1,10,7,0.3333,4.23,0.43
P000597,65951.64,8,1,0,0,4,9,2,0.125,4.0,0.61
P000598,12970.77,7,3,0,2,3,11,2,0.4286,4.67,0.59
P000599,3564.8,6,1,1,0,4,6,4,0.1667,4.23,0.48
P000600,39824.56,11,7,1,1,2,8,1,0.6364,4.17,0.71
P000601,4689.84,12,6,0,1,5,5,3,0.5,4.25,0.82
P000602,1592.8400000000001,4,1,1,1,0,11,5,0.25,4.23,0.33
P000603,20324.43,11,7,1,1,0,3,6,0.6364,4.43,0.6
P000604,8563.38,8,4,3,1,3,10,6,0.5,4.0,0.61
P000605,18830.04,14,4,2,1,1,7,4,0.2857,4.0,0.82
P000606,44580.659999999996,12,6,1,1,2,8,5,0.5,4.67,0.76
P000607,3241.0,6,3,0,0,2,6,4,0.5,4.5,0.42
P000608,7738.82,4,2,1,3,1,9,5,0.5,5.0,0.38
P000609,4249.349999999999,11,5,3,0,3,10,2,0.4545,4.33,0.74
P000610,6688.92,4,0,1,0,0,12,5,0.0,4.23,0.32
P000611,16733.38,4,1,0,2,3,8,4,0.25,4.0,0.41
P000612,169481.79,9,2,2,2,2,11,9,0.2222,4.5,0.66
P000613,6741.44,5,2,1,2,2,11,1,0.4,4.0,0.46
P000614,7836.639999999999,7,3,0,1,2,9,5,0.4286,5.0,0.52
P000615,1706.69,8,4,2,2,0,7,6,0.5,4.67,0.51
P000616,31432.02,14,6,2,2,3,3,2,0.4286,4.17,0.86
P000617,6766.04,9,3,3,2,1,11,5,0.3333,4.0,0.63
P000618,3197.5899999999997,7,4,1,2,2,9,4,0.5714,4.5,0.54
P000619,8379.07,8,5,2,1,3,10,4,0.625,4.25,0.61
P000620,8215.4,7,3,0,2,0,8,8,0.4286,4.33,0.47
P000621,11886.66,8,4,1,0,2,8,6,0.5,4.67,0.54
P000622,32087.64,6,2,1,2,3,6,6,0.3333,5.0,0.49
P000623,4343.83,6,3,0,1,1,5,1,0.5,5.0,0.4
P000624,20674.39,9,3,2,2,4,9,2,0.3333,4.0,0.7
P000625,2028.44,6,3,1,1,0,13,5,0.5,4.23,0.45
P000626,1735.49,4,3,0,1,2,7,5,0.75,4.33,0.35
P000627,874.47,1,1,0,0,2,8,3,1.0,4.0,0.19
P000628,11736.56,7,2,0,0,1,9,2,0.2857,4.0,0.47
P000629,6015.3,7,2,2,4,2,4,7,0.2857,4.0,0.53
P000630,14756.449999999999,6,3,0,1,2,11,3,0.5,4.5,0.49
P000631,8996.54,11,5,2,0,1,6,4,0.4545,4.67,0.64
P000632,21034.25,6,2,0,2,4,4,7,0.3333,4.0,0.5
P000633,2251.62,5,4,0,2,2,8,5,0.8,4.0,0.43
P000634,2593.7,3,2,0,1,2,14,4,0.6667,5.0,0.37
P000635,3387.86,4,1,2,1,2,1,2,0.25,5.0,0.29
P000636,17540.989999999998,8,3,0,2,1,9,1,0.375,4.5,0.56
P000637,8762.76,6,1,0,2,3,11,7,0.1667,4.0,0.54
P000638,2636.45,7,4,1,0,1,4,7,0.5714,4.75,0.42
P000639,8248.08,6,2,1,2,2,11,9,0.3333,4.23,0.51
P000640,14766.69,12,4,2,1,1,8,6,0.3333,4.25,0.73
P000641,13789.71,8,1,1,0,0,7,4,0.125,5.0,0.47
P000642,6085.84,9,4,0,1,3,6,6,0.4444,4.5,0.62
P000643,6025.58,7,3,0,1,1,11,2,0.4286,4.5,0.51
P000644,9129.62,6,4,0,0,0,6,4,0.6667,5.0,0.36
P000645,25682.32,14,3,0,1,0,8,5,0.2143,5.0,0.8
P000646,35593.86,9,3,1,0,2,5,2,0.3333,4.5,0.56
P000647,125754.71,10,5,0,1,3,9,6,0.5,4.5,0.7
P000648,2157.3199999999997,9,6,2,1,0,10,5,0.6667,4.2,0.57
P000649,2276.0,6,0,0,0,0,12,6,0.0,4.23,0.42
P000650,13927.109999999999,11,6,0,2,2,7,3,0.5455,4.6,0.72
P000651,6630.3,3,2,0,0,3,8,4,0.6667,4.0,0.32
P000652,2647.89,6,4,0,2,2,11,4,0.6667,4.33,0.51
P000653,15578.15,5,1,0,0,4,8,6,0.2,5.0,0.45
P000654,12789.06,10,3,0,3,3,7,5,0.3,5.0,0.72
P000655,11979.26,4,2,1,1,0,9,3,0.5,4.0,0.31
P000656,75278.42,8,3,1,2,2,5,2,0.375,4.5,0.55
P000657,33701.88,6,2,1,1,6,8,5,0.3333,5.0,0.58
P000658,11879.97,4,3,0,2,4,9,1,0.75,4.5,0.45
P000659,3495.29,5,3,1,2,4,7,1,0.6,4.5,0.48
P000660,4674.47,7,3,1,0,0,7,4,0.4286,4.33,0.42
P000661,13942.62,8,3,1,2,0,5,3,0.375,5.0,0.49
P000662,13208.01,9,3,2,0,0,12,9,0.3333,5.0,0.57
P000663,23144.97,10,3,0,1,2,9,4,0.3,4.5,0.67
P000664,100790.06,7,3,1,0,2,5,4,0.4286,4.67,0.46
P000665,8344.95,9,3,4,1,3,9,3,0.3333,4.67,0.65
P000666,447.71999999999997,9,3,1,1,4,10,5,0.3333,4.33,0.69
P000667,100133.3,10,3,2,1,5,10,3,0.3,4.0,0.77
P000668,4308.74,8,3,1,0,1,10,1,0.375,4.5,0.53
P000669,22889.87,7,4,0,4,3,10,2,0.5714,5.0,0.62
P000670,17135.87,2,1,0,0,2,10,3,0.5,4.23,0.26
P000671,23476.49,6,3,0,2,4,13,1,0.5,4.67,0.59
P000672,34722.020000000004,9,4,2,3,3,6,2,0.4444,4.75,0.66
P000673,27921.03,13,4,0,1,2,9,6,0.3077,4.33,0.82
P000674,12364.59,14,4,2,1,6,10,4,0.2857,4.25,1.0
P000675,1449.58,8,3,1,3,2,10,3,0.375,4.67,0.62
P000676,25792.88,13,6,0,1,1,9,4,0.4615,4.33,0.79
P000677,9765.12,9,3,2,2,2,3,3,0.3333,4.33,0.58
P000678,8372.06,7,3,1,1,2,4,5,0.4286,4.5,0.47
P000679,41611.11,9,2,2,2,2,12,0,0.2222,4.5,0.67
P000680,7911.52,5,2,1,2,1,4,3,0.4,4.5,0.36
P000681,3568.28,7,1,2,1,0,9,7,0.1429,4.0,0.46
P000682,33970.68,6,3,0,1,3,6,6,0.5,5.0,0.47
P000683,106332.25,8,6,0,3,0,8,7,0.75,4.6,0.54
P000684,17977.03,7,1,0,1,3,6,3,0.1429,4.0,0.52
P000685,4842.05,5,1,0,1,0,9,3,0.2,4.23,0.36
P000686,1501.6200000000001,2,1,0,4,0,5,5,0.5,4.0,0.23
P000687,15182.94,6,2,1,0,3,8,2,0.3333,4.5,0.47
P000688,84179.2,8,6,1,4,3,6,0,0.75,4.75,0.63
P000689,25323.89,6,0,3,4,3,7,8,0.0,4.23,0.54
P000690,20881.43,7,3,1,0,4,10,2,0.4286,5.0,0.57
P000691,6563.120000000001,3,2,0,1,1,7,4,0.6667,4.0,0.27
P000692,7474.24,8,6,0,1,2,8,2,0.75,4.2,0.56
P000693,994.05,5,2,0,2,3,4,5,0.4,4.0,0.42
P000694,20596.059999999998,9,2,0,1,1,7,1,0.2222,5.0,0.57
P000695,69739.17,8,3,1,0,6,5,1,0.375,4.0,0.63
P000696,23362.24,11,1,1,2,3,5,4,0.0909,5.0,0.73
P000697,15320.19,6,2,0,0,1,5,2,0.3333,5.0,0.38
P000698,21316.62,10,3,0,0,4,5,4,0.3,5.0,0.67
P000699,333.87,4,1,1,1,2,15,1,0.25,5.0,0.43
P000700,11420.36,11,3,2,1,3,4,1,0.2727,4.5,0.7
P000701,13141.23,2,1,0,3,3,7,1,0.5,4.23,0.32
P000702,4016.84,4,2,0,0,1,17,3,0.5,5.0,0.4
P000703,10455.26,6,2,3,0,4,13,7,0.3333,5.0,0.55
P000704,18711.63,3,1,0,1,2,5,3,0.3333,4.23,0.28
P000705,5679.6,4,0,0,2,1,9,6,0.0,4.23,0.36
P000706,12162.86,9,7,0,2,1,4,3,0.7778,4.67,0.56
P000707,1275.85,9,6,0,2,2,4,2,0.6667,4.75,0.59
P000708,4865.87,7,3,0,2,3,1,5,0.4286,4.0,0.49
P000709,3685.5099999999998,6,1,2,1,3,5,3,0.1667,4.0,0.46
P000710,744.48,5,2,1,1,3,7,8,0.4,4.5,0.43
P000711,11492.169999999998,3,2,0,5,0,8,2,0.6667,5.0,0.33
P000712,131984.11,8,2,1,1,4,7,6,0.25,4.5,0.61
P000713,12030.07,8,2,0,2,2,6,4,0.25,4.0,0.56
P000714,2129.65,5,3,0,1,4,6,6,0.6,4.0,0.45
P000715,5073.36,10,4,0,1,3,11,8,0.4,4.5,0.72
P000716,13104.21,9,3,0,0,1,8,2,0.3333,4.0,0.56
P000717,5027.82,4,3,0,2,4,10,2,0.75,4.33,0.46
P000718,9376.720000000001,7,2,2,2,0,1,4,0.2857,5.0,0.4
P000719,14855.36,9,2,1,1,3,6,4,0.2222,4.5,0.62
P000720,13350.460000000001,7,2,0,2,2,12,4,0.2857,5.0,0.57
P000721,2052.33,7,3,1,3,3,6,5,0.4286,4.5,0.56
P000722,28239.46,8,6,1,1,1,7,0,0.75,4.5,0.52
P000723,31788.260000000002,8,3,0,1,4,9,3,0.375,4.33,0.63
P000724,1943.55,7,3,2,0,3,8,3,0.4286,4.0,0.52
P000725,11992.51,7,5,0,1,3,9,5,0.7143,4.5,0.55
P000726,16025.4,7,5,0,1,0,8,7,0.7143,4.25,0.45
P000727,7467.92,7,4,1,4,4,8,6,0.5714,4.5,0.63
P000728,37742.770000000004,9,3,0,3,4,8,2,0.3333,4.67,0.71
P000729,2700.65,6,3,0,1,1,5,1,0.5,5.0,0.4
P000730,10996.9,4,2,1,0,1,10,1,0.5,4.0,0.33
P000731,14035.86,6,1,1,1,1,12,4,0.1667,4.23,0.47
P000732,8323.35,6,3,0,5,3,7,7,0.5,4.5,0.56
P000733,5283.49,13,6,1,3,3,8,5,0.4615,4.5,0.88
P000734,13071.25,5,2,2,1,6,5,1,0.4,4.5,0.5
P000735,13301.7,6,4,0,1,2,6,6,0.6667,5.0,0.44
P000736,4982.56,13,3,1,2,0,7,2,0.2308,4.33,0.76
P000737,2623.57,4,2,0,1,0,8,4,0.5,4.23,0.3
P000738,17903.28,9,1,0,0,2,5,2,0.1111,4.23,0.56
P000739,539.98,8,1,1,1,3,5,1,0.125,4.23,0.56
P000740,9425.050000000001,12,3,2,0,1,7,2,0.25,4.33,0.7
P000741,203055.99,10,4,1,0,1,8,1,0.4,4.67,0.61
P000742,136445.0,8,4,1,2,2,16,3,0.5,4.67,0.66
P000743,51421.86,6,2,0,0,1,8,4,0.3333,4.5,0.41
P000744,1364.43,7,2,2,1,1,10,4,0.2857,4.0,0.5
P000745,1925.99,7,3,1,1,1,2,5,0.4286,4.67,0.42
P000746,51034.3,4,1,0,5,1,9,2,0.25,4.23,0.42
P000747,10830.94,4,1,0,3,2,11,11,0.25,4.23,0.43
P000748,117594.20999999999,10,3,1,0,2,8,8,0.3,4.5,0.64
P000749,12744.47,4,0,1,1,2,8,4,0.0,4.23,0.36
P000750,9683.06,5,5,0,2,1,9,3,1.0,4.5,0.41
P000751,10112.83,9,3,1,1,2,5,5,0.3333,4.0,0.58
P000752,6947.88,3,2,1,2,0,8,3,0.6667,4.23,0.27
P000753,18974.2,10,3,1,1,0,6,5,0.3,4.5,0.58
P000754,4730.2699999999995,5,4,0,0,1,12,2,0.8,4.5,0.4
P000755,1861.01,2,1,0,2,2,6,5,0.5,4.0,0.26
P000756,8458.07,4,1,0,4,1,3,6,0.25,4.23,0.34
P000757,28301.27,10,6,1,1,2,7,4,0.6,4.83,0.65
P000758,16837.87,11,4,1,1,3,8,4,0.3636,4.75,0.74
P000759,8686.47,6,3,0,0,2,9,6,0.5,4.0,0.45
P000760,6190.24,9,5,0,1,3,7,4,0.5556,4.0,0.63
P000761,20306.74,10,5,0,0,3,5,5,0.5,4.4,0.64
P000762,17683.76,11,4,2,3,1,8,5,0.3636,4.67,0.72
P000763,9443.51,3,1,0,4,10,12,2,0.3333,4.23,0.65
P000764,6057.0,15,8,1,1,1,6,8,0.5333,4.6,0.86
P000765,2791.43,9,4,1,1,0,1,2,0.4444,5.0,0.48
P000766,9672.81,11,5,1,0,2,6,4,0.4545,5.0,0.67
P000767,6610.18,6,2,1,2,3,14,1,0.3333,4.5,0.57
P000768,5022.48,11,4,1,0,1,5,2,0.3636,4.67,0.63
P000769,12710.26,7,3,0,2,2,10,4,0.4286,4.23,0.55
P000770,7971.42,5,2,1,2,2,7,1,0.4,4.0,0.42
P000771,10395.59,5,2,0,3,1,11,4,0.4,4.5,0.45
P000772,10453.789999999999,9,3,1,1,1,10,7,0.3333,4.67,0.6
P000773,17218.71,6,5,0,1,2,12,9,0.8333,4.5,0.5
P000774,7502.74,6,2,1,1,2,8,10,0.3333,4.5,0.46
P000775,27569.87,10,4,2,1,1,5,5,0.4,4.33,0.6
P000776,14345.77,11,4,2,0,1,7,9,0.3636,4.5,0.65
P000777,7524.31,9,5,0,2,1,9,4,0.5556,4.5,0.61
P000778,77353.05,12,3,3,1,0,9,7,0.25,4.5,0.71
P000779,26064.59,11,5,1,2,4,11,5,0.4545,4.5,0.82
P000780,13937.15,5,3,0,3,2,6,6,0.6,5.0,0.43
P000781,2872.33,7,4,0,0,6,4,3,0.5714,4.67,0.57
P000782,9.57,1,1,0,1,1,6,5,1.0,4.0,0.16
P000783,8599.3,8,6,0,0,4,6,5,0.75,4.33,0.58
P000784,14471.38,6,6,0,2,3,14,4,1.0,4.17,0.57
P000785,112768.68000000001,9,4,1,3,6,8,4,0.4444,4.5,0.77
P000786,13020.9,12,6,0,0,0,6,3,0.5,5.0,0.66
P000787,1565.0700000000002,7,4,1,0,2,6,5,0.5714,4.5,0.47
P000788,5033.16,6,3,2,3,2,6,4,0.5,4.0,0.48
P000789,58500.34,5,2,1,1,2,6,2,0.4,4.0,0.39
P000790,103615.43000000001,9,3,0,2,1,9,3,0.3333,4.23,0.61
P000791,51422.72,6,4,0,2,3,7,5,0.6667,4.5,0.5
P000792,5588.41,5,1,1,0,4,6,4,0.2,4.23,0.43
P000793,8523.130000000001,9,3,0,2,2,12,4,0.3333,5.0,0.67
P000794,8785.91,10,4,1,1,2,10,4,0.4,4.5,0.68
P000795,11124.0,7,2,1,1,3,7,2,0.2857,4.0,0.53
P000796,10437.17,7,3,1,0,2,13,3,0.4286,4.0,0.54
P000797,35823.3,9,3,3,1,2,10,1,0.3333,4.0,0.63
P000798,3862.16,7,4,0,4,4,7,5,0.5714,4.33,0.62
P000799,12686.7,6,4,1,1,1,7,2,0.6667,5.0,0.42
P000800,895.61,8,4,1,1,1,6,1,0.5,4.67,0.51
P000801,4527.98,4,2,0,2,4,2,5,0.5,4.23,0.38
P000802,4966.34,5,2,1,0,2,6,4,0.4,5.0,0.37
P000803,12032.789999999999,8,4,2,1,2,13,4,0.5,4.67,0.61
P000804,12835.48,8,1,3,3,3,5,4,0.125,4.0,0.6
P000805,2429.4700000000003,3,2,0,1,2,9,4,0.6667,4.0,0.32
P000806,13288.17,8,3,2,2,2,3,2,0.375,5.0,0.53
P000807,18866.75,8,3,1,2,3,4,6,0.375,4.0,0.57
P000808,58746.19,7,6,0,2,0,11,3,0.8571,4.25,0.5
P000809,8686.11,7,2,1,4,5,7,5,0.2857,4.5,0.65
P000810,3883.74,5,2,2,2,3,8,3,0.4,4.23,0.46
P000811,3946.8799999999997,6,1,1,2,1,8,4,0.1667,4.23,0.45
P000812,27575.2,4,1,0,1,0,9,0,0.25,5.0,0.31
P000813,7217.099999999999,10,4,0,0,2,6,4,0.4,4.67,0.62
P000814,26910.97,6,2,0,0,2,6,4,0.3333,5.0,0.42
P000815,37047.89,7,1,0,1,3,13,3,0.1429,5.0,0.59
P000816,35169.0,9,4,0,2,2,5,2,0.4444,4.0,0.6
P000817,21289.449999999997,8,3,2,3,0,4,6,0.375,4.5,0.5
P000818,2601.04,2,2,0,3,1,13,1,1.0,4.23,0.32
P000819,2478.86,7,5,1,2,1,6,4,0.7143,5.0,0.48
P000820,8860.710000000001,10,6,0,2,1,9,4,0.6,4.4,0.66
P000821,19756.920000000002,7,4,0,2,3,6,3,0.5714,4.67,0.54
P000822,17591.34,8,4,3,0,2,6,2,0.5,5.0,0.52
P000823,20058.04,9,5,1,1,1,13,4,0.5556,4.33,0.63
P000824,16819.11,7,5,0,4,2,10,5,0.7143,4.5,0.59
P000825,13111.15,7,1,1,3,7,13,3,0.1429,5.0,0.75
P000826,2643.2200000000003,10,4,0,3,4,8,1,0.4,4.0,0.76
P000827,1215.93,5,2,0,4,1,6,2,0.4,4.5,0.42
P000828,37444.46,10,3,0,2,4,10,4,0.3,5.0,0.76
P000829,14094.05,5,2,2,0,1,13,4,0.4,4.5,0.41
P000830,14710.76,8,2,1,1,1,9,6,0.25,5.0,0.54
P000831,884.88,3,3,0,2,1,7,1,1.0,4.67,0.29
P000832,98656.35,6,4,1,2,3,9,4,0.6667,4.25,0.52
P000833,8872.119999999999,9,4,0,2,4,9,6,0.4444,4.67,0.7
P000834,3061.58,7,2,1,0,4,4,2,0.2857,4.5,0.51
P000835,1193.03,4,2,0,1,1,7,10,0.5,4.5,0.32
P000836,5405.3,4,1,0,1,2,4,2,0.25,4.0,0.32
P000837,4748.9,10,4,1,1,1,10,2,0.4,4.5,0.65
P000838,6106.35,5,1,1,1,4,5,9,0.2,4.0,0.44
P000839,21639.75,10,5,0,1,3,9,4,0.5,4.75,0.7
P000840,5410.72,5,2,0,1,4,7,2,0.4,5.0,0.46
P000841,18756.02,10,6,1,2,1,11,1,0.6,4.67,0.68
P000842,98244.95,8,3,0,1,1,3,2,0.375,4.33,0.48
P000843,18842.73,9,6,1,1,1,8,5,0.6667,4.2,0.58
P000844,11685.22,6,4,0,3,1,10,2,0.6667,4.67,0.49
P000845,3849.93,6,4,0,3,2,9,3,0.6667,4.33,0.51
P000846,7179.97,9,2,1,5,1,4,12,0.2222,5.0,0.62
P000847,91751.81999999999,6,3,1,5,3,8,3,0.5,4.0,0.57
P000848,116938.19,9,3,0,2,1,6,4,0.3333,4.0,0.58
P000849,7496.93,5,2,1,2,2,8,3,0.4,4.0,0.43
P000850,16787.6,10,3,1,1,2,9,1,0.3,4.5,0.67
P000851,19169.34,11,7,0,3,2,4,1,0.6364,4.5,0.71
P000852,20798.18,9,2,0,1,5,4,3,0.2222,5.0,0.66
P000853,22378.940000000002,11,5,0,3,1,10,6,0.4545,4.33,0.74
P000854,10572.75,4,3,0,2,3,7,5,0.75,4.0,0.4
P000855,10672.470000000001,8,1,0,2,4,7,2,0.125,4.23,0.63
P000856,13989.46,9,5,1,1,3,6,4,0.5556,4.67,0.62
P000857,2811.74,7,1,1,1,1,3,2,0.1429,4.0,0.43
P000858,19701.17,8,2,1,2,0,5,6,0.25,5.0,0.49
P000859,16063.17,6,3,1,0,2,12,2,0.5,4.67,0.48
P000860,12136.83,7,5,0,2,2,10,8,0.7143,4.5,0.55
P000861,3075.71,6,2,1,1,6,10,4,0.3333,5.0,0.6
P000862,11970.93,5,2,1,1,1,8,4,0.4,4.0,0.38
P000863,11282.25,8,3,0,1,4,9,8,0.375,5.0,0.63
P000864,9960.48,7,5,0,5,1,5,6,0.7143,4.0,0.53
P000865,688.76,7,3,1,1,2,7,3,0.4286,4.5,0.5
P000866,7264.26,5,0,1,3,0,5,6,0.0,4.23,0.36
P000867,1097.1399999999999,10,6,0,1,5,4,2,0.6,4.0,0.71
P000868,45451.63,11,5,0,0,2,9,4,0.4545,4.67,0.7
P000869,14820.54,7,3,0,2,1,5,5,0.4286,5.0,0.47
P000870,8490.1,4,3,0,2,4,8,7,0.75,4.5,0.44
P000871,12191.789999999999,8,5,1,1,2,7,2,0.625,5.0,0.55
P000872,3608.09,5,1,1,2,5,4,5,0.2,4.23,0.48
P000873,16657.55,7,2,0,1,3,10,4,0.2857,4.0,0.56
P000874,6242.84,5,2,0,1,5,4,6,0.4,5.0,0.46
P000875,8078.87,6,1,2,1,2,11,5,0.1667,4.0,0.49
P000876,4021.94,5,4,0,0,4,6,7,0.8,4.0,0.43
P000877,15921.92,10,4,1,2,3,9,3,0.4,4.5,0.72
P000878,18960.25,6,2,1,0,1,8,4,0.3333,4.5,0.41
P000879,2280.1,4,2,1,1,3,6,2,0.5,4.5,0.37
P000880,8016.8,8,4,2,1,3,11,4,0.5,4.67,0.62
P000881,1687.63,2,1,0,3,1,12,5,0.5,4.0,0.31
P000882,9075.3,9,3,1,1,2,10,6,0.3333,4.0,0.63
P000883,7064.04,7,7,0,0,4,9,7,1.0,4.33,0.56
P000884,21262.760000000002,14,7,2,1,0,5,1,0.5,4.67,0.77
P000885,37763.79,8,3,1,1,0,7,1,0.375,4.67,0.49
P000886,11078.73,6,0,1,0,3,12,3,0.0,4.23,0.51
P000887,4322.25,7,3,0,3,4,3,5,0.4286,4.0,0.56
P000888,2888.55,6,4,0,1,1,12,2,0.6667,4.0,0.47
P000889,8165.0,9,1,1,0,2,6,2,0.1111,4.23,0.57
P000890,9071.15,8,3,2,1,1,2,2,0.375,5.0,0.47
P000891,36797.81,9,4,2,0,0,4,1,0.4444,4.5,0.49
P000892,8169.77,4,3,0,2,1,8,5,0.75,4.5,0.35
P000893,64317.28999999999,10,2,3,1,0,6,3,0.2,4.0,0.58
P000894,4561.05,3,1,0,0,0,7,4,0.3333,4.23,0.22
P000895,81017.4,8,5,1,1,1,7,3,0.625,4.5,0.52
P000896,5900.01,5,1,1,2,2,5,5,0.2,4.23,0.4
P000897,10990.99,8,1,1,3,2,6,3,0.125,5.0,0.58
P000898,19246.079999999998,8,2,2,1,2,11,5,0.25,4.5,0.59
P000899,3349.95,5,3,1,1,1,9,2,0.6,4.5,0.39
P000900,4088.24,11,3,0,1,2,8,5,0.2727,5.0,0.71
P000901,35558.17,11,7,1,0,3,8,6,0.6364,5.0,0.72
P000902,63856.65,4,0,1,2,2,4,2,0.0,4.23,0.34
P000903,4175.03,6,1,0,1,4,8,3,0.1667,4.0,0.52
P000904,51020.58,13,8,1,0,4,10,8,0.6154,4.0,0.87
P000905,14171.71,5,1,1,4,1,8,5,0.2,5.0,0.44
P000906,396.32,4,3,0,0,3,8,4,0.75,4.0,0.37
P000907,887.3000000000001,6,3,0,1,2,10,3,0.5,4.5,0.48
P000908,14965.33,10,6,1,0,3,7,4,0.6,4.33,0.66
P000909,1153.33,4,2,1,0,3,7,5,0.5,4.23,0.36
P000910,12997.19,8,1,1,0,0,6,6,0.125,5.0,0.46
P000911,16332.23,4,3,1,3,2,8,2,0.75,4.33,0.4
P000912,14502.03,8,5,0,0,4,7,3,0.625,4.5,0.59
P000913,8652.869999999999,6,2,1,0,3,6,6,0.3333,5.0,0.45
P000914,3599.06,10,5,0,1,2,3,4,0.5,4.67,0.61
P000915,110973.81,9,1,0,0,2,5,5,0.1111,4.0,0.56
P000916,56774.619999999995,9,5,1,0,4,10,2,0.5556,4.0,0.67
P000917,4747.54,4,0,0,2,2,9,3,0.0,4.23,0.39
P000918,16108.02,11,6,1,2,0,10,3,0.5455,4.0,0.69
P000919,9628.5,7,2,2,1,3,7,3,0.2857,5.0,0.53
P000920,63536.729999999996,3,2,0,2,1,5,7,0.6667,4.0,0.27
P000921,7181.95,4,2,2,3,3,11,3,0.5,5.0,0.46
P000922,22118.06,12,4,3,2,2,7,5,0.3333,4.33,0.77
P000923,26962.72,11,9,1,3,2,7,7,0.8182,4.71,0.74
P000924,17250.329999999998,10,5,0,1,1,6,4,0.5,4.33,0.61
P000925,72666.52,8,3,1,2,3,13,1,0.375,4.67,0.66
P000926,29555.98,6,2,0,1,3,7,4,0.3333,4.5,0.48
P000927,28116.66,11,5,0,1,1,8,4,0.4545,4.33,0.68
P000928,25991.57,11,4,0,2,0,6,2,0.3636,4.25,0.65
P000929,3211.63,6,2,0,2,1,5,2,0.3333,4.5,0.42
P000930,7786.599999999999,6,1,2,2,4,7,3,0.1667,5.0,0.53
P000931,8032.400000000001,6,3,1,4,2,4,3,0.5,5.0,0.48
P000932,60858.3,6,1,0,2,3,13,6,0.1667,5.0,0.56
P000933,131676.26,10,6,0,4,2,5,3,0.6,4.67,0.69
P000934,2929.2400000000002,9,1,0,2,2,5,7,0.1111,4.0,0.6
P000935,12193.48,9,2,0,0,4,11,1,0.2222,4.0,0.68
P000936,11476.119999999999,7,2,0,1,4,10,5,0.2857,4.0,0.59
P000937,6069.82,5,2,0,0,1,6,7,0.4,5.0,0.34
P000938,6333.31,11,5,1,3,1,4,1,0.4545,4.25,0.68
P000939,29441.58,15,6,1,0,1,8,9,0.4,4.67,0.86
P000940,220442.14,14,6,1,0,5,7,5,0.4286,4.33,0.92
P000941,2111.27,5,2,0,1,3,9,4,0.4,4.23,0.45
P000942,19189.260000000002,4,2,0,1,2,6,2,0.5,5.0,0.34
P000943,6838.03,7,2,0,1,2,8,2,0.2857,5.0,0.51
P000944,8960.65,5,0,1,0,5,12,4,0.0,4.23,0.52
P000945,2956.32,5,2,1,1,5,7,2,0.4,4.5,0.49
P000946,179421.26,12,8,0,3,2,5,3,0.6667,4.2,0.77
P000947,20454.72,15,8,3,0,2,11,4,0.5333,4.6,0.92
P000948,13643.630000000001,9,6,0,3,0,6,7,0.6667,4.4,0.57
P000949,10342.11,14,5,2,1,3,5,3,0.3571,4.25,0.86
P000950,7609.32,5,3,0,2,2,2,2,0.6,4.0,0.37
P000951,308.34999999999997,7,3,1,0,4,9,6,0.4286,5.0,0.56
P000952,6614.2300000000005,7,3,1,2,0,4,5,0.4286,4.67,0.43
P000953,5020.65,4,1,1,2,3,2,3,0.25,4.0,0.35
P000954,9092.47,7,3,0,2,3,11,1,0.4286,4.5,0.59
P000955,10014.51,5,0,0,2,5,4,6,0.0,4.23,0.48
P000956,32930.369999999995,5,3,0,5,0,7,2,0.6,4.5,0.42
P000957,9550.63,10,5,1,3,2,8,2,0.5,4.25,0.7
P000958,24480.79,6,1,1,1,3,8,5,0.1667,4.0,0.49
P000959,10502.86,8,2,0,0,3,7,3,0.25,5.0,0.56
P000960,3653.2400000000002,7,4,1,1,6,6,2,0.5714,4.0,0.61
P000961,80757.36,5,2,1,3,1,9,3,0.4,5.0,0.43
P000962,2020.75,3,2,0,2,1,7,5,0.6667,5.0,0.29
P000963,8695.66,11,5,3,1,3,7,1,0.4545,4.33,0.73
P000964,19265.74,9,2,1,1,1,8,1,0.2222,4.0,0.58
P000965,4469.17,11,4,3,0,1,4,7,0.3636,4.0,0.62
P000966,59258.06,5,1,2,1,4,7,2,0.2,5.0,0.46
P000967,2282.61,8,3,3,2,1,7,5,0.375,4.67,0.54
P000968,47167.3,3,2,0,0,2,7,3,0.6667,5.0,0.28
P000969,1899.44,6,2,0,2,0,1,3,0.3333,4.5,0.35
P000970,11407.97,10,7,0,1,2,9,7,0.7,4.75,0.67
P000971,15793.84,6,5,0,1,3,4,2,0.8333,4.0,0.45
P000972,3915.64,8,4,1,0,1,4,2,0.5,4.67,0.47
P000973,14231.130000000001,7,3,0,1,1,7,1,0.4286,5.0,0.47
P000974,3289.19,5,3,1,2,3,10,5,0.6,4.5,0.48
P000975,118724.81,6,1,2,1,2,6,4,0.1667,4.0,0.44
P000976,19414.78,8,4,0,0,5,12,0,0.5,4.75,0.67
P000977,640.4,6,3,2,3,1,5,5,0.5,4.67,0.44
P000978,7747.48,5,2,1,0,1,8,4,0.4,4.0,0.36
P000979,8619.39,11,1,5,1,1,6,3,0.0909,5.0,0.66
P000980,240474.59,10,3,0,2,0,8,3,0.3,4.0,0.62
P000981,1690.56,5,1,0,3,3,4,3,0.2,4.23,0.44
P000982,1632.51,7,3,0,4,2,5,5,0.4286,5.0,0.54
P000983,4615.6,9,3,1,1,2,8,4,0.3333,5.0,0.61
P000984,2301.76,12,3,1,1,7,4,6,0.25,4.67,0.87
P000985,24454.48,12,4,2,5,1,15,4,0.3333,5.0,0.88
P000986,6525.9400000000005,3,0,0,2,0,8,2,0.0,4.23,0.27
P000987,12010.13,8,4,0,2,2,7,3,0.5,4.67,0.57
P000988,9245.67,8,3,0,1,2,8,8,0.375,5.0,0.56
P000989,17130.06,10,6,1,2,2,12,2,0.6,4.25,0.72
P000990,14641.2,7,1,3,3,5,12,7,0.1429,4.0,0.68
P000991,1016.93,9,2,0,2,3,8,5,0.2222,5.0,0.66
P000992,5328.08,5,5,0,0,1,5,7,1.0,4.0,0.33
P000993,10007.16,7,2,0,2,2,10,5,0.2857,5.0,0.55
P000994,23187.18,9,3,2,3,3,8,6,0.3333,5.0,0.68
P000995,9627.23,5,1,1,2,5,5,4,0.2,5.0,0.49
P000996,6758.92,6,5,0,1,5,5,2,0.8333,4.25,0.52
P000997,75456.67,8,3,1,0,2,8,3,0.375,4.0,0.54
P000998,3320.48,3,2,0,2,1,6,2,0.6667,4.0,0.28
P000999,2191.01,3,1,1,0,6,5,8,0.3333,4.0,0.38
P001000,5516.35,3,2,1,2,2,6,4,0.6667,5.0,0.31
P001001,12072.43,8,3,0,1,1,9,5,0.375,4.33,0.54
P001002,10939.88,8,2,1,2,2,9,5,0.25,4.0,0.59
P001003,34761.14,9,2,1,0,2,7,3,0.2222,5.0,0.58
P001004,4346.7300000000005,8,2,0,0,0,6,4,0.25,4.0,0.46
P001005,7033.42,6,3,1,2,0,10,6,0.5,4.5,0.44
P001006,3986.4300000000003,9,3,1,1,1,9,4,0.3333,4.5,0.59
P001007,25028.33,12,4,2,0,1,5,2,0.3333,4.25,0.68
P001008,18764.22,14,7,1,0,2,10,4,0.5,4.43,0.86
P001009,5709.43,8,1,2,1,2,7,2,0.125,5.0,0.55
P001010,2636.7400000000002,7,4,1,0,2,7,2,0.5714,4.67,0.48
P001011,776.29,9,4,1,0,4,7,1,0.4444,4.23,0.64
P001012,59057.86,8,2,0,0,5,6,2,0.25,5.0,0.61
P001013,145420.05,12,7,1,2,6,6,3,0.5833,4.4,0.88
P001014,4690.5,13,5,4,2,3,9,4,0.3846,4.75,0.87
P001015,1679.96,3,2,1,1,3,12,7,0.6667,4.0,0.38
P001016,7065.1900000000005,9,7,1,2,2,7,2,0.7778,4.4,0.62
P001017,24915.1,7,3,1,1,3,5,2,0.4286,4.0,0.51
P001018,2121.41,2,0,1,2,1,10,3,0.0,4.23,0.27
P001019,6381.71,10,5,1,2,3,6,2,0.5,4.5,0.69
P001020,21249.83,8,4,0,2,2,7,5,0.5,4.5,0.57
P001021,8858.34,6,3,0,1,0,5,7,0.5,4.67,0.37
P001022,10959.04,6,2,1,2,1,10,4,0.3333,4.0,0.47
P001023,10896.869999999999,8,1,1,1,2,6,3,0.125,5.0,0.54
P001024,567.73,7,3,1,1,3,9,4,0.4286,4.5,0.55
P001025,7326.81,7,4,1,2,0,12,2,0.5714,4.0,0.51
P001026,25385.38,10,4,0,0,0,3,3,0.4,4.5,0.53
P001027,21348.13,11,6,0,1,2,7,3,0.5455,4.5,0.7
P001028,6160.3099999999995,7,2,1,4,1,6,6,0.2857,5.0,0.52
P001029,4741.07,3,2,0,2,4,6,4,0.6667,5.0,0.37
P001030,38759.26,9,2,1,3,3,9,4,0.2222,5.0,0.69
P001031,12341.76,5,2,0,3,4,5,5,0.4,4.5,0.48
P001032,8302.57,7,5,0,2,2,11,4,0.7143,4.6,0.56
P001033,9249.89,5,3,2,1,4,10,2,0.6,4.0,0.49
P001034,577.0,4,3,1,0,5,9,5,0.75,5.0,0.44
P001035,14407.24,7,4,1,1,2,7,3,0.5714,4.23,0.5
P001036,9261.210000000001,9,3,0,0,2,7,6,0.3333,4.33,0.58
P001037,50360.2,11,4,1,1,3,8,4,0.3636,4.23,0.74
P001038,17113.6,8,4,0,1,2,6,2,0.5,4.5,0.54
P001039,27018.14,8,3,2,1,2,5,1,0.375,4.5,0.53
P001040,12595.68,4,2,0,2,1,9,3,0.5,5.0,0.36
P001041,2982.43,7,3,2,1,3,8,7,0.4286,4.33,0.54
P001042,13910.61,9,4,0,2,2,4,4,0.4444,4.75,0.59
P001043,36658.7,6,2,1,0,1,7,2,0.3333,4.23,0.4
P001044,83969.05,5,1,1,3,3,8,4,0.2,4.0,0.48
P001045,20710.8,8,4,1,0,2,7,5,0.5,4.33,0.53
P001046,19875.04,4,3,0,1,2,2,4,0.75,4.33,0.3
P001047,8667.449999999999,2,1,0,2,3,9,6,0.5,4.23,0.32
P001048,17476.88,10,4,1,1,2,8,5,0.4,4.5,0.66
P001049,22846.37,12,5,2,1,0,2,2,0.4167,4.5,0.64
P001050,16769.96,8,3,0,2,4,6,3,0.375,5.0,0.62
P001051,9611.61,5,2,1,0,3,9,4,0.4,4.23,0.43
P001052,7714.17,10,7,1,5,2,5,5,0.7,4.6,0.71
P001053,3820.77,10,5,0,3,2,9,10,0.5,4.0,0.71
P001054,37045.84,16,8,1,2,2,9,7,0.5,4.0,0.99
P001055,16568.4,9,4,1,0,0,5,7,0.4444,4.0,0.5
P001056,28422.1,15,3,0,2,4,9,4,0.2,4.5,1.0
P001057,78640.73,5,2,1,1,6,5,2,0.4,4.0,0.5
P001058,20260.22,13,5,3,0,4,5,4,0.3846,4.75,0.82
P001059,5141.46,5,1,0,2,4,5,3,0.2,5.0,0.46
P001060,3297.96,5,3,0,5,3,8,3,0.6,4.5,0.52
P001061,16103.67,9,4,0,2,4,8,3,0.4444,5.0,0.69
P001062,1882.87,7,2,2,1,2,12,3,0.2857,5.0,0.55
P001063,10870.880000000001,8,3,1,2,2,4,4,0.375,4.5,0.54
P001064,94945.58,5,1,2,2,3,5,0,0.2,5.0,0.43
P001065,1997.06,7,2,1,1,4,15,5,0.2857,4.5,0.64
P001066,10402.22,7,3,1,2,1,6,3,0.4286,4.0,0.48
P001067,26895.15,8,3,0,3,2,6,4,0.375,5.0,0.58
P001068,6225.42,4,2,1,1,2,8,5,0.5,5.0,0.36
P001069,13970.65,8,0,1,2,4,4,3,0.0,4.23,0.6
P001070,8455.73,4,2,0,0,4,10,4,0.5,4.0,0.42
P001071,49748.46,10,5,2,2,2,9,4,0.5,4.5,0.69
P001072,72458.92,9,7,0,1,1,5,6,0.7778,4.4,0.55
P001073,18283.1,8,4,1,1,2,6,4,0.5,4.67,0.54
P001074,6966.0,4,2,1,2,2,4,3,0.5,4.5,0.34
P001075,16689.69,8,2,3,4,5,5,2,0.25,4.0,0.68
P001076,1099.8899999999999,5,1,1,1,0,11,6,0.2,4.0,0.38
P001077,5124.71,7,4,1,0,1,8,2,0.5714,4.67,0.46
P001078,99171.47,7,1,2,1,1,6,5,0.1429,5.0,0.46
P001079,846.78,3,3,0,2,1,4,0,1.0,4.23,0.26
P001080,15547.52,8,4,0,3,3,8,4,0.5,4.0,0.63
P001081,2660.45,7,2,1,2,1,5,1,0.2857,5.0,0.47
P001082,12188.689999999999,2,2,0,0,1,9,4,1.0,5.0,0.22
P001083,1282.27,4,1,0,1,1,4,3,0.25,4.23,0.29
P001084,3532.05,12,5,1,0,3,5,6,0.4167,4.4,0.74
P001085,3014.63,4,3,0,1,1,10,6,0.75,4.0,0.35
P001086,34754.86,8,4,2,5,1,4,11,0.5,4.5,0.57
P001087,29828.190000000002,5,1,1,2,1,10,8,0.2,4.23,0.42
P001088,57619.979999999996,9,3,0,3,1,7,4,0.3333,4.67,0.61
P001089,3900.73,5,2,1,3,2,7,8,0.4,4.23,0.44
P001090,4103.95,4,1,1,3,0,3,1,0.25,4.0,0.29
P001091,14569.76,6,3,0,1,0,8,5,0.5,4.5,0.4
P001092,94228.73999999999,5,2,0,2,0,12,2,0.4,5.0,0.41
P001093,11816.86,10,2,0,3,1,8,4,0.2,4.0,0.67
P001094,6174.44,5,2,0,0,0,7,3,0.4,4.0,0.32
P001095,22368.14,5,2,0,1,2,4,3,0.4,5.0,0.37
P001096,12831.1,9,4,1,0,6,7,2,0.4444,4.33,0.7
P001097,14618.630000000001,10,4,1,0,4,9,4,0.4,4.0,0.71
P001098,18261.96,7,3,1,0,5,7,6,0.4286,5.0,0.57
P001099,6995.25,7,0,3,2,2,6,7,0.0,4.23,0.51
P001100,5338.4,4,1,0,0,3,6,7,0.25,5.0,0.35
P001101,148317.76,7,2,2,0,0,9,2,0.2857,5.0,0.44
P001102,1937.92,15,9,1,1,5,4,4,0.6,4.6,0.96
P001103,2627.29,4,0,0,1,2,10,3,0.0,4.23,0.38
P001104,1086.65,6,0,1,0,2,7,2,0.0,4.23,0.43
P001105,1922.31,5,3,1,1,1,9,4,0.6,4.0,0.39
P001106,13830.09,9,5,1,2,1,11,5,0.5556,4.6,0.63
P001107,56567.55,5,3,0,2,2,6,4,0.6,4.67,0.41
P001108,3845.61,9,4,0,1,5,2,3,0.4444,4.0,0.64
P001109,9095.03,5,3,0,2,4,7,3,0.6,4.5,0.48
P001110,18918.87,9,4,2,3,3,6,3,0.4444,4.33,0.66
P001111,65635.74,5,2,0,4,4,7,2,0.4,5.0,0.52
P001112,6090.27,5,3,0,0,2,7,6,0.6,5.0,0.38
P001113,4438.42,5,2,0,2,5,6,2,0.4,4.5,0.5
P001114,12518.18,8,3,1,3,4,5,7,0.375,4.0,0.63
P001115,9647.06,6,1,0,1,2,8,3,0.1667,4.0,0.46
P001116,136503.59,10,3,0,2,3,7,4,0.3,4.5,0.7
P001117,3093.29,12,5,1,2,2,7,2,0.4167,5.0,0.77
P001118,115903.01,9,4,0,0,2,2,6,0.4444,4.0,0.53
P001119,31682.88,8,3,0,1,3,8,7,0.375,4.0,0.59
P001120,13227.449999999999,6,1,1,0,4,5,5,0.1667,4.23,0.47
P001121,17590.52,8,5,1,1,2,9,2,0.625,5.0,0.57
P001122,7957.34,3,1,1,2,2,9,9,0.3333,5.0,0.34
P001123,3934.4,3,2,1,2,2,4,2,0.6667,5.0,0.29
P001124,87533.92,8,3,1,3,2,7,2,0.375,5.0,0.59
P001125,5628.65,3,0,0,2,3,9,5,0.0,4.23,0.37
P001126,7427.83,7,4,0,2,2,8,4,0.5714,4.5,0.53
P001127,36056.13,6,3,0,2,2,7,2,0.5,4.5,0.47
P001128,7783.28,6,3,0,2,2,11,2,0.5,5.0,0.51
P001129,19850.53,9,6,1,3,6,7,5,0.6667,4.5,0.76
P001130,141892.76,9,4,0,1,2,3,5,0.4444,4.33,0.56
P001131,15202.08,9,1,2,0,2,9,4,0.1111,4.0,0.6
P001132,9694.92,10,6,0,3,0,8,6,0.6,4.0,0.64
P001133,1774.85,7,3,1,3,1,9,3,0.4286,4.0,0.53
P001134,182204.96,10,3,2,2,0,9,3,0.3,4.5,0.63
P001135,1947.82,7,3,0,0,1,6,3,0.4286,4.0,0.44
P001136,35010.93,6,2,0,1,3,8,4,0.3333,4.0,0.49
P001137,11390.08,6,4,1,2,1,10,7,0.6667,5.0,0.47
P001138,11387.96,6,1,0,1,3,3,2,0.1667,4.0,0.44
P001139,64321.98,13,4,3,1,4,9,1,0.3077,4.67,0.88
P001140,194627.6,9,1,0,1,3,8,3,0.1111,4.0,0.64
P001141,158991.94,8,2,1,1,3,7,1,0.25,4.0,0.58
P001142,22346.13,8,4,2,2,0,8,4,0.5,4.0,0.52
P001143,23363.15,14,4,1,0,3,9,4,0.2857,4.67,0.88
P001144,8088.98,4,1,0,1,1,7,5,0.25,4.0,0.32
P001145,23734.34,7,4,0,3,2,4,5,0.5714,4.25,0.51
P001146,22008.12,13,3,0,1,0,6,5,0.2308,5.0,0.73
P001147,8913.61,6,3,0,1,1,9,8,0.5,4.0,0.44
P001148,90523.44,7,3,1,0,2,7,7,0.4286,4.0,0.48
P001149,20339.72,8,2,1,0,3,8,4,0.25,4.0,0.57
P001150,7185.02,5,1,0,0,2,5,5,0.2,4.23,0.36
P001151,5492.09,9,6,0,5,6,6,4,0.6667,4.75,0.79
P001152,7367.01,7,1,1,2,2,11,7,0.1429,4.0,0.56
P001153,3281.02,15,7,1,3,3,6,4,0.4667,4.67,0.96
P001154,11667.3,9,4,1,1,3,10,2,0.4444,5.0,0.66
P001155,9822.62,11,5,0,1,3,8,3,0.4545,4.67,0.74
P001156,10668.72,5,3,0,1,2,4,2,0.6,4.67,0.37
P001157,19531.32,9,7,0,0,1,4,6,0.7778,4.33,0.52
P001158,33675.88,8,3,1,2,4,4,3,0.375,4.0,0.6
P001159,11547.470000000001,6,3,0,2,2,12,4,0.5,5.0,0.52
P001160,3440.36,8,6,0,3,1,7,3,0.75,4.5,0.56
P001161,17473.15,8,4,0,4,4,6,6,0.5,4.33,0.66
P001162,7472.7300000000005,4,3,0,1,2,10,4,0.75,4.33,0.38
P001163,47279.03,10,4,1,1,2,8,2,0.4,4.67,0.66
P001164,2484.38,9,3,0,1,1,9,5,0.3333,4.5,0.59
P001165,1796.53,5,3,0,0,2,7,5,0.6,4.67,0.38
P001166,28509.03,5,3,0,1,1,6,3,0.6,4.5,0.36
P001167,13687.0,6,3,1,3,1,8,0,0.5,4.67,0.47
P001168,12340.14,6,2,0,2,0,5,4,0.3333,4.0,0.39
P001169,4969.65,1,0,0,1,6,10,2,0.0,4.23,0.35
P001170,3382.32,4,1,1,4,3,6,3,0.25,5.0,0.43
P001171,8179.13,7,2,2,1,1,5,7,0.2857,4.0,0.45
P001172,39774.28,9,3,2,1,1,7,6,0.3333,4.33,0.57
P001173,14946.86,7,4,0,2,3,7,1,0.5714,4.0,0.55
P001174,9862.75,7,3,2,1,5,7,6,0.4286,4.33,0.59
P001175,19325.68,7,3,0,0,2,11,1,0.4286,4.5,0.52
P001176,2203.86,7,2,0,1,3,9,5,0.2857,4.5,0.55
P001177,3350.0299999999997,3,1,0,0,2,3,4,0.3333,5.0,0.24
P001178,26476.96,10,5,1,0,1,8,6,0.5,4.5,0.61
P001179,112676.48000000001,7,1,1,0,5,9,4,0.1429,4.0,0.59
P001180,10581.25,5,1,1,4,3,7,3,0.2,4.0,0.49
P001181,4473.28,6,5,0,3,1,7,2,0.8333,4.0,0.46
P001182,4362.9800000000005,9,7,0,2,6,6,3,0.7778,4.5,0.73
P001183,5593.08,3,2,0,1,2,6,6,0.6667,4.0,0.29
P001184,87018.51,4,1,1,3,2,9,2,0.25,5.0,0.41
P001185,12408.92,5,1,1,0,2,7,5,0.2,4.0,0.38
P001186,6283.4400000000005,7,4,0,3,1,10,4,0.5714,4.67,0.54
P001187,29630.18,13,5,0,0,1,15,7,0.3846,4.33,0.83
P001188,10583.8,7,2,2,1,2,6,0,0.2857,5.0,0.49
P001189,47294.38,9,4,1,3,3,9,6,0.4444,4.75,0.69
P001190,23047.59,9,5,0,3,2,9,3,0.5556,4.67,0.66
P001191,5039.7,6,2,0,4,1,10,6,0.3333,4.5,0.51
P001192,6056.05,2,0,1,0,1,8,10,0.0,4.23,0.21
P001193,21527.6,8,2,0,2,1,8,5,0.25,4.0,0.55
P001194,7524.16,5,1,0,3,2,3,2,0.2,4.23,0.4
P001195,6202.53,5,0,2,2,3,7,6,0.0,4.23,0.45
P001196,11187.75,10,5,2,1,2,11,6,0.5,4.4,0.69
P001197,8089.09,7,4,1,2,0,6,6,0.5714,4.33,0.45
P001198,7554.75,4,2,0,0,3,12,5,0.5,5.0,0.41
P001199,3295.5899999999997,9,1,3,1,1,8,2,0.1111,4.0,0.58
P001200,30089.65,10,4,1,1,4,13,4,0.4,5.0,0.77
P001201,4473.37,6,3,1,3,3,8,5,0.5,5.0,0.53
P001202,19762.65,9,3,1,2,1,8,2,0.3333,4.33,0.6
P001203,3123.02,4,1,0,1,3,7,5,0.25,5.0,0.38
P001204,7024.38,5,2,1,0,5,5,3,0.4,5.0,0.45
P001205,9921.4,10,3,2,0,4,9,4,0.3,4.23,0.71
P001206,41395.95,8,2,1,2,1,5,2,0.25,4.0,0.52
P001207,6785.69,12,8,1,1,1,11,7,0.6667,4.2,0.76
P001208,1210.99,4,1,0,1,2,10,7,0.25,5.0,0.38
P001209,19729.09,10,7,0,2,0,11,1,0.7,4.2,0.65
P001210,9860.56,14,6,3,0,7,6,5,0.4286,4.4,0.97
P001211,8529.71,8,4,1,3,1,12,3,0.5,4.5,0.61
P001212,3997.3500000000004,5,3,1,2,3,9,10,0.6,4.33,0.47
P001213,872.89,10,2,1,3,5,11,4,0.2,4.0,0.82
P001214,26329.45,11,5,1,1,3,13,2,0.4545,4.67,0.79
P001215,4005.8199999999997,7,0,1,2,5,13,7,0.0,4.23,0.67
P001216,14080.91,8,2,3,1,0,8,0,0.25,4.5,0.5
P001217,95103.93000000001,7,3,1,2,2,7,2,0.4286,4.5,0.52
P001218,10872.27,7,1,1,3,4,10,4,0.1429,4.0,0.63
P001219,14886.75,8,4,2,0,1,3,6,0.5,4.33,0.46
P001220,6453.84,4,3,0,1,2,3,2,0.75,4.0,0.31
P001221,8290.289999999999,5,1,1,1,4,5,9,0.2,5.0,0.44
P001222,4571.02,7,2,0,0,2,8,4,0.2857,4.5,0.49
P001223,11994.51,9,6,0,2,4,8,6,0.6667,4.5,0.69
P001224,28138.67,6,1,1,1,3,7,3,0.1667,5.0,0.48
P001225,32102.72,8,2,1,2,2,6,4,0.25,5.0,0.56
P001226,14491.71,6,3,2,2,2,7,5,0.5,5.0,0.47
P001227,129438.64,9,5,1,0,4,12,5,0.5556,4.0,0.69
P001228,24964.8,10,5,0,0,6,14,4,0.5,4.5,0.82
P001229,9878.19,10,5,2,2,3,9,5,0.5,4.5,0.72
P001230,14415.68,5,4,0,0,0,7,3,0.8,5.0,0.32
P001231,4373.28,6,3,0,0,1,4,5,0.5,5.0,0.37
P001232,20015.32,13,7,2,3,0,6,2,0.5385,4.2,0.77
P001233,3314.51,6,3,1,1,4,9,4,0.5,4.5,0.53
P001234,10651.55,5,1,0,3,1,7,4,0.2,4.0,0.41
P001235,27562.440000000002,10,6,1,0,3,5,4,0.6,5.0,0.64
P001236,4620.6,3,1,1,3,2,5,2,0.3333,4.23,0.32
P001237,4676.46,8,5,1,1,3,11,6,0.625,4.2,0.62
P001238,3383.3,8,2,0,2,2,9,4,0.25,4.0,0.59
P001239,23265.85,11,4,2,0,1,9,3,0.3636,4.5,0.67
P001240,63914.22,4,1,0,1,1,8,4,0.25,5.0,0.33
P001241,1113.52,4,0,1,1,3,8,3,0.0,4.23,0.39
P001242,6836.6,7,5,0,0,6,9,7,0.7143,4.5,0.62
P001243,12827.11,7,3,3,1,3,7,1,0.4286,4.33,0.53
P001244,7085.99,5,2,0,1,1,6,4,0.4,5.0,0.36
P001245,26634.53,10,6,1,2,2,4,4,0.6,4.67,0.64
P001246,42743.7,12,6,2,2,2,5,3,0.5,4.5,0.75
P001247,6242.27,6,5,0,2,1,5,3,0.8333,4.5,0.42
P001248,13317.26,8,5,0,2,0,7,2,0.625,4.0,0.51
P001249,14505.6,10,4,0,3,2,15,7,0.4,4.5,0.77
P001250,17057.23,11,3,1,3,0,14,3,0.2727,5.0,0.75
P001251,4217.02,12,5,1,0,0,7,5,0.4167,4.5,0.67
P001252,50642.009999999995,12,5,0,3,0,6,0,0.4167,4.2,0.72
P001253,8840.68,5,1,0,1,3,9,2,0.2,5.0,0.45
P001254,12511.44,7,3,1,4,3,12,4,0.4286,5.0,0.64
P001255,11791.56,7,3,1,3,2,7,5,0.4286,4.0,0.54
P001256,26783.41,6,4,1,3,3,10,6,0.6667,5.0,0.55
P001257,25615.11,9,2,3,3,0,6,6,0.2222,4.5,0.57
P001258,13164.4,8,3,1,2,1,4,4,0.375,4.5,0.51
P001259,4824.05,5,2,0,1,2,10,2,0.4,5.0,0.43
P001260,3749.91,5,1,1,2,1,13,6,0.2,4.0,0.45
P001261,10489.3,9,3,0,2,4,11,4,0.3333,5.0,0.72
P001262,7844.7,6,1,0,2,3,4,5,0.1667,4.0,0.47
P001263,2337.35,7,2,1,4,2,12,3,0.2857,4.0,0.61
P001264,3712.87,5,3,1,2,1,10,6,0.6,5.0,0.42
P001265,1141.88,5,3,0,2,0,5,2,0.6,5.0,0.34
P001266,69739.8,8,2,0,1,1,6,6,0.25,5.0,0.51
P001267,62394.9,6,0,1,1,0,10,6,0.0,4.23,0.42
P001268,4790.19,4,1,0,1,2,13,9,0.25,4.0,0.41
P001269,79708.81,5,4,1,1,2,4,3,0.8,4.0,0.37
P001270,121511.45999999999,7,1,4,1,3,5,4,0.1429,4.0,0.51
P001271,15687.36,11,4,1,4,3,5,3,0.3636,4.67,0.77
P001272,1981.96,8,2,0,2,0,8,6,0.25,4.5,0.52
P001273,12295.84,8,4,1,2,5,5,2,0.5,4.5,0.64
P001274,12348.550000000001,7,3,0,1,0,6,9,0.4286,4.5,0.43
P001275,3291.2299999999996,5,3,0,0,1,5,6,0.6,4.33,0.33
P001276,11406.72,8,2,0,0,1,5,0,0.25,5.0,0.48
P001277,2694.11,4,2,0,0,1,4,1,0.5,5.0,0.27
P001278,3085.38,5,2,0,1,3,6,7,0.4,4.0,0.42
P001279,17351.21,6,1,2,3,2,12,1,0.1667,4.0,0.54
P001280,5489.05,12,6,1,0,2,9,2,0.5,4.2,0.75
P001281,12151.74,5,2,1,2,3,10,3,0.4,5.0,0.48
P001282,5298.57,3,3,0,2,2,3,7,1.0,4.0,0.28
P001283,23475.7,9,4,2,0,1,9,4,0.4444,5.0,0.57
P001284,10272.439999999999,6,3,1,1,2,8,7,0.5,5.0,0.46
P001285,4738.35,4,3,0,1,2,6,4,0.75,5.0,0.34
P001286,6211.88,8,5,1,0,2,8,5,0.625,4.33,0.54
P001287,12200.25,10,5,1,1,3,11,3,0.5,4.33,0.72
P001288,650.84,7,2,1,0,2,9,4,0.2857,4.5,0.5
P001289,13686.36,12,4,2,5,5,12,4,0.3333,4.75,0.97
P001290,1174.68,4,1,0,1,1,10,2,0.25,4.23,0.35
P001291,4227.36,7,3,1,1,8,8,1,0.4286,4.33,0.69
P001292,99944.19,9,2,2,2,4,10,4,0.2222,5.0,0.71
P001293,10970.86,6,2,2,2,4,8,3,0.3333,4.0,0.54
P001294,14546.14,8,4,1,2,0,6,3,0.5,4.0,0.5
P001295,73111.0,11,4,1,0,3,7,2,0.3636,4.0,0.71
P001296,67376.54,6,2,1,1,1,5,4,0.3333,4.5,0.4
P001297,6950.43,8,4,0,2,1,5,2,0.5,5.0,0.52
P001298,47310.28,5,1,1,3,3,6,7,0.2,5.0,0.46
P001299,92798.34,8,3,0,4,1,9,8,0.375,5.0,0.6
P001300,7547.84,3,1,0,1,1,8,8,0.3333,5.0,0.28
P001301,103470.78,9,1,2,2,4,7,5,0.1111,4.23,0.68
P001302,16534.16,8,2,0,0,3,6,0,0.25,4.23,0.55
P001303,31795.450000000004,3,2,0,0,3,5,3,0.6667,4.0,0.29
P001304,9726.7,4,4,0,1,2,4,3,1.0,4.5,0.32
P001305,11039.0,10,5,1,1,4,13,3,0.5,4.0,0.77
P001306,2112.3599999999997,5,2,1,0,2,5,3,0.4,4.0,0.36
P001307,86882.1,5,1,0,1,4,4,7,0.2,4.0,0.43
P001308,17368.739999999998,12,5,1,0,1,8,4,0.4167,4.25,0.71
P001309,5887.85,6,2,1,3,1,10,5,0.3333,4.0,0.49
P001310,7301.6900000000005,9,2,1,1,1,9,3,0.2222,5.0,0.59
P001311,14204.05,9,3,2,1,3,12,4,0.3333,4.0,0.68
P001312,11275.14,13,4,2,1,2,8,2,0.3077,4.33,0.81
P001313,6545.78,6,3,1,2,3,9,2,0.5,4.0,0.52
P001314,23924.67,3,2,0,3,3,8,1,0.6667,4.0,0.38
P001315,17232.52,10,4,1,1,2,8,4,0.4,4.0,0.66
P001316,34403.42,10,2,1,3,0,8,6,0.2,4.5,0.64
P001317,9409.119999999999,11,5,2,1,4,5,1,0.4545,4.67,0.74
P001318,4413.05,4,3,0,2,1,10,5,0.75,5.0,0.37
P001319,100230.54999999999,9,3,2,0,2,6,5,0.3333,4.5,0.57
P001320,1437.06,4,1,2,3,2,9,4,0.25,4.0,0.41
P001321,12051.88,5,3,0,1,2,12,2,0.6,4.5,0.45
P001322,31676.89,11,3,1,0,0,13,4,0.2727,5.0,0.68
P001323,25588.03,14,7,2,0,0,7,4,0.5,4.4,0.77
P001324,27843.37,8,3,0,1,1,6,1,0.375,4.67,0.51
P001325,3149.14,5,2,0,1,1,4,0,0.4,4.5,0.34
P001326,22117.52,7,3,2,2,5,8,0,0.4286,5.0,0.62
P001327,7420.37,5,3,0,2,6,5,5,0.6,4.5,0.52
P001328,12538.34,4,3,0,2,3,10,1,0.75,4.67,0.43
P001329,42897.34,3,1,1,1,2,13,3,0.3333,4.0,0.36
P001330,912.64,3,1,0,2,4,11,2,0.3333,4.0,0.42
P001331,7213.33,8,1,0,1,7,7,6,0.125,4.23,0.7
P001332,77494.47,9,3,1,2,1,4,3,0.3333,4.67,0.56
P001333,4893.27,6,3,0,3,1,3,3,0.5,4.0,0.42
P001334,72806.77,4,1,1,1,2,7,4,0.25,4.23,0.35
P001335,11851.5,10,5,1,2,6,6,1,0.5,4.33,0.78
P001336,3751.5,6,2,1,0,3,10,2,0.3333,4.5,0.49
P001337,13268.11,6,2,1,2,2,12,3,0.3333,4.0,0.52
P001338,133214.53,9,2,1,2,1,7,5,0.2222,5.0,0.59
P001339,92437.86,5,2,1,2,1,9,3,0.4,5.0,0.41
P001340,77544.6,12,6,0,0,1,6,5,0.5,4.75,0.69
P001341,13073.69,8,7,0,2,2,6,3,0.875,4.4,0.56
P001342,5770.5599999999995,7,5,0,3,3,9,3,0.7143,4.67,0.59
P001343,13347.46,7,3,2,1,3,8,1,0.4286,5.0,0.54
P001344,21080.5,12,7,0,0,2,8,3,0.5833,4.4,0.74
P001345,75181.08,7,1,2,1,2,4,1,0.1429,4.0,0.47
P001346,23188.66,4,2,0,2,4,4,5,0.5,4.0,0.4
P001347,14290.41,11,5,2,1,1,8,5,0.4545,4.6,0.68
P001348,4252.74,10,5,0,3,3,3,1,0.5,4.25,0.68
P001349,8270.84,5,3,1,4,1,9,5,0.6,5.0,0.45
P001350,35592.91,6,3,0,1,0,4,4,0.5,4.5,0.36
P001351,8681.36,8,3,1,1,3,7,4,0.375,4.33,0.58
P001352,19911.49,4,2,0,0,1,7,4,0.5,4.23,0.3
P001353,85282.76999999999,10,3,0,4,1,6,6,0.3,5.0,0.67
P001354,27277.13,11,5,4,2,3,5,10,0.4545,4.25,0.73
P001355,13243.98,5,2,1,3,1,4,6,0.4,4.0,0.38
P001356,4246.31,6,1,3,3,3,13,3,0.1667,4.23,0.58
P001357,11615.34,5,3,1,1,0,7,4,0.6,4.5,0.34
P001358,21384.43,4,1,2,3,1,5,4,0.25,4.23,0.34
P001359,8044.2,7,3,1,4,3,6,1,0.4286,4.0,0.58
P001360,109547.83,8,2,0,1,1,6,2,0.25,4.0,0.51
P001361,6527.64,6,2,0,2,1,8,5,0.3333,4.0,0.45
P001362,14120.12,7,4,0,1,3,6,7,0.5714,4.33,0.52
P001363,23118.16,4,3,0,2,5,9,2,0.75,4.5,0.48
P001364,2788.21,6,3,0,1,3,7,3,0.5,4.0,0.48
P001365,18726.19,8,2,2,0,0,9,8,0.25,4.23,0.49
P001366,4708.22,8,4,0,0,2,5,4,0.5,4.75,0.51
P001367,3878.05,5,1,0,1,1,3,4,0.2,4.0,0.33
P001368,7281.01,6,2,1,3,3,7,4,0.3333,4.23,0.52
P001369,10329.4,7,5,0,4,1,9,4,0.7143,4.8,0.55
P001370,6396.46,7,4,2,0,3,6,5,0.5714,4.67,0.5
P001371,2865.75,8,6,1,0,2,5,2,0.75,4.33,0.51
P001372,13355.11,7,3,1,2,2,6,2,0.4286,4.5,0.51
P001373,17603.68,10,4,0,1,2,14,1,0.4,4.33,0.72
P001374,7263.0,8,4,2,0,3,5,3,0.5,4.25,0.54
P001375,13970.9,7,3,1,5,1,3,2,0.4286,4.23,0.51
P001376,23729.71,9,5,2,1,4,9,4,0.5556,4.75,0.68
P001377,7664.09,3,2,0,2,4,8,3,0.6667,5.0,0.39
P001378,7846.0,5,3,0,1,4,0,6,0.6,4.67,0.39
P001379,17857.55,7,3,1,2,0,2,3,0.4286,4.67,0.41
P001380,46941.0,7,2,0,1,1,10,3,0.2857,4.0,0.5
P001381,1698.2,9,1,1,2,0,8,7,0.1111,4.0,0.57
P001382,12505.89,7,2,1,1,3,9,5,0.2857,4.0,0.55
P001383,36988.05,8,3,0,1,4,7,4,0.375,5.0,0.61
P001384,27254.97,12,4,2,2,3,5,1,0.3333,4.5,0.78
P001385,15881.26,13,6,1,1,1,8,4,0.4615,4.0,0.78
P001386,21129.28,10,4,1,3,2,9,3,0.4,4.5,0.71
P001387,140535.81,11,4,1,1,4,6,0,0.3636,5.0,0.75
P001388,19473.29,9,3,1,1,2,8,8,0.3333,4.0,0.61
P001389,17727.87,8,3,0,4,0,4,4,0.375,5.0,0.52
P001390,4821.46,4,2,0,2,1,12,5,0.5,4.0,0.39
P001391,12459.869999999999,6,2,1,0,1,10,3,0.3333,4.0,0.43
P001392,12325.04,8,6,1,1,2,8,6,0.75,4.2,0.56
P001393,12441.17,8,5,1,1,1,7,4,0.625,4.6,0.52
P001394,111983.63,8,4,1,1,3,10,4,0.5,4.5,0.61
P001395,18310.18,6,2,1,4,2,13,1,0.3333,4.0,0.57
P001396,265.03999999999996,6,3,1,4,5,9,4,0.5,4.5,0.62
P001397,24106.57,9,1,2,2,4,4,5,0.1111,4.23,0.65
P001398,25091.260000000002,4,2,1,2,1,9,3,0.5,4.5,0.36
P001399,6278.52,4,3,0,1,1,6,5,0.75,4.0,0.31
P001400,19108.89,4,1,1,1,5,9,3,0.25,4.0,0.46
P001401,3713.2700000000004,5,2,0,1,0,6,2,0.4,5.0,0.33
P001402,27973.28,8,6,2,1,2,8,4,0.75,4.33,0.56
P001403,5740.68,6,1,0,0,1,3,6,0.1667,4.0,0.36
P001404,17689.57,8,3,0,2,2,8,9,0.375,4.5,0.58
P001405,14118.29,4,3,0,3,6,7,4,0.75,4.5,0.51
P001406,10355.69,5,1,2,2,2,7,4,0.2,4.0,0.42
P001407,35751.55,9,2,1,1,3,7,6,0.2222,4.0,0.63
P001408,38220.21,8,4,1,4,2,5,3,0.5,4.0,0.59
P001409,2968.0,4,1,1,2,3,8,8,0.25,4.23,0.41
P001410,6607.39,6,3,0,0,3,10,2,0.5,5.0,0.49
P001411,4126.74,8,1,3,2,7,5,1,0.125,5.0,0.7
P001412,4621.53,10,3,1,0,2,7,5,0.3,4.5,0.63
P001413,8284.279999999999,5,2,0,3,5,9,5,0.4,5.0,0.55
P001414,8327.52,8,1,0,1,2,3,4,0.125,4.23,0.51
P001415,2291.4,7,3,0,3,2,5,3,0.4286,4.33,0.52
P001416,23240.98,13,7,1,2,1,2,0,0.5385,4.4,0.74
P001417,22568.940000000002,11,3,0,1,7,10,2,0.2727,5.0,0.88
P001418,5507.77,10,4,1,1,5,2,6,0.4,4.5,0.69
P001419,44872.93,6,1,1,3,1,8,5,0.1667,4.23,0.47
P001420,19556.28,7,3,0,2,2,8,7,0.4286,4.0,0.53
P001421,2156.58,7,2,0,2,3,9,2,0.2857,4.5,0.57
P001422,52284.0,14,6,0,3,0,6,1,0.4286,4.4,0.82
P001423,63312.15,8,6,0,1,1,6,5,0.75,4.5,0.51
P001424,6507.53,10,5,0,2,1,6,4,0.5,4.2,0.63
P001425,9427.24,12,4,3,1,2,9,6,0.3333,5.0,0.77
P001426,13567.17,5,1,1,2,2,9,0,0.2,5.0,0.44
P001427,23740.760000000002,13,7,2,3,5,6,6,0.5385,4.67,0.92
P001428,20452.65,9,0,1,1,0,7,8,0.0,4.23,0.54
P001429,1128.03,5,3,0,1,3,9,6,0.6,4.5,0.45
P001430,9292.5,5,1,0,2,3,5,5,0.2,4.0,0.43
P001431,14707.85,4,0,1,0,1,4,4,0.0,4.23,0.27
P001432,42480.96,11,4,1,3,1,8,6,0.3636,4.33,0.72
P001433,1160.05,8,3,4,4,3,7,5,0.375,4.33,0.64
P001434,17022.67,13,6,0,4,2,10,4,0.4615,4.4,0.89
P001435,29578.48,7,4,1,0,3,9,6,0.5714,4.5,0.53
P001436,7607.6900000000005,8,2,0,0,1,8,0,0.25,4.0,0.51
P001437,8595.05,8,4,0,2,2,7,2,0.5,4.25,0.57
P001438,1256.5,6,3,0,1,4,4,5,0.5,5.0,0.48
P001439,4397.22,10,4,1,3,1,6,1,0.4,4.5,0.65
P001440,13097.5,7,2,2,2,2,8,1,0.2857,4.23,0.53
P001441,72877.44,8,3,1,2,2,7,5,0.375,4.67,0.57
P001442,453.52,8,2,1,3,1,9,8,0.25,4.0,0.58
P001443,4702.46,5,2,0,2,1,12,5,0.4,4.5,0.44
P001444,23675.899999999998,11,4,0,1,2,6,4,0.3636,4.5,0.69
P001445,73420.09,8,3,0,0,1,6,5,0.375,4.5,0.49
P001446,9803.82,3,1,0,2,2,6,10,0.3333,5.0,0.31
P001447,9214.04,8,2,0,1,1,10,2,0.25,5.0,0.55
P001448,14632.369999999999,10,3,2,2,3,4,0,0.3,5.0,0.67
P001449,3698.23,6,4,1,1,2,6,3,0.6667,4.5,0.44
P001450,16454.71,9,5,1,1,5,7,4,0.5556,4.33,0.69
P001451,20801.22,9,3,0,2,3,6,1,0.3333,4.67,0.64
P001452,11690.710000000001,6,3,1,2,1,6,5,0.5,4.33,0.43
P001453,28525.11,4,3,0,3,0,6,2,0.75,4.5,0.32
P001454,240.29999999999998,8,4,1,2,2,4,3,0.5,5.0,0.54
P001455,1759.22,7,4,1,2,2,0,3,0.5714,4.25,0.45
P001456,50365.090000000004,6,2,0,0,1,6,7,0.3333,4.0,0.39
P001457,438.96999999999997,9,6,0,2,1,10,0,0.6667,4.5,0.62
P001458,72905.33,11,2,2,2,3,12,2,0.1818,4.23,0.8
P001459,15910.050000000001,8,2,2,2,5,5,0,0.25,4.0,0.64
P001460,7823.110000000001,9,3,1,1,5,5,5,0.3333,5.0,0.67
P001461,5238.38,5,1,1,0,8,9,4,0.2,4.0,0.58
P001462,1777.17,8,6,1,2,0,10,4,0.75,4.75,0.54
P001463,1811.51,5,2,1,2,1,10,2,0.4,4.0,0.42
P001464,2616.05,10,2,1,3,2,5,4,0.2,5.0,0.67
P001465,4235.8,4,2,0,0,3,11,2,0.5,4.5,0.4
P001466,6520.55,6,1,1,6,2,7,6,0.1667,5.0,0.55
P001467,41789.37,11,6,1,1,2,6,6,0.5455,4.8,0.69
P001468,1121.88,6,1,2,3,3,9,3,0.1667,4.23,0.54
P001469,141786.77,9,5,1,1,2,5,5,0.5556,4.2,0.58
P001470,3857.21,5,1,0,2,4,7,6,0.2,5.0,0.48
P001471,19794.72,6,3,1,1,4,7,2,0.5,4.5,0.51
P001472,32545.34,9,3,0,0,3,9,7,0.3333,4.5,0.63
P001473,9761.05,5,2,1,2,2,5,5,0.4,4.0,0.4
P001474,12190.210000000001,6,1,2,4,3,10,6,0.1667,5.0,0.57
P001475,21850.18,9,3,0,1,1,9,5,0.3333,4.5,0.59
P001476,24468.23,8,3,2,0,2,8,2,0.375,4.5,0.54
P001477,95058.52,4,0,2,1,2,4,3,0.0,4.23,0.32
P001478,103985.91,6,3,0,5,3,5,1,0.5,5.0,0.54
P001479,12289.03,9,4,0,1,3,8,3,0.4444,4.5,0.64
P001480,29375.37,4,1,0,0,2,12,6,0.25,5.0,0.38
P001481,4219.25,11,4,3,0,6,9,5,0.3636,4.75,0.82
P001482,4569.17,6,3,0,1,2,7,2,0.5,4.0,0.45
P001483,1000.4000000000001,9,2,2,2,2,11,2,0.2222,4.5,0.66
P001484,76605.49,10,3,1,1,1,8,4,0.3,4.5,0.63
P001485,2882.25,7,3,1,1,1,12,6,0.4286,4.5,0.52
P001486,3428.56,9,3,3,3,3,9,2,0.3333,4.0,0.69
P001487,29397.29,3,1,0,3,4,10,3,0.3333,4.0,0.43
P001488,6076.29,4,0,1,0,0,6,3,0.0,4.23,0.26
P001489,21712.88,12,8,1,1,2,8,4,0.6667,4.33,0.76
P001490,171706.77,14,8,1,2,4,6,4,0.5714,4.4,0.92
P001491,28674.43,10,3,2,1,2,6,3,0.3,5.0,0.64
P001492,16922.37,9,5,0,1,2,8,5,0.5556,4.0,0.61
P001493,3778.34,12,4,1,0,2,8,7,0.3333,4.75,0.74
P001494,5575.13,3,0,2,1,3,4,1,0.0,4.23,0.3
P001495,6642.58,9,4,3,3,1,8,3,0.4444,4.0,0.62
P001496,7108.38,7,4,1,1,1,8,3,0.5714,4.0,0.48
P001497,4005.11,4,1,1,0,4,9,1,0.25,4.23,0.41
P001498,1578.09,9,3,0,2,2,8,2,0.3333,4.0,0.63
P001499,12172.77,8,2,2,1,0,7,5,0.25,4.0,0.49
P001500,4715.299999999999,2,1,0,1,1,4,4,0.5,4.23,0.19
P001501,12741.55,8,2,1,0,1,7,5,0.25,4.23,0.5
P001502,16019.44,7,5,1,1,2,9,4,0.7143,5.0,0.52
P001503,10478.0,12,3,1,3,1,7,4,0.25,4.5,0.76
P001504,17704.6,7,3,0,0,4,9,5,0.4286,4.0,0.56
P001505,3959.67,10,5,1,2,2,8,5,0.5,4.5,0.68
P001506,11810.52,6,3,2,3,1,8,11,0.5,4.33,0.47
P001507,7629.63,12,6,3,1,4,5,4,0.5,4.8,0.79
P001508,53701.25,12,4,1,3,3,7,2,0.3333,4.5,0.82
P001509,128965.23,10,7,1,3,3,7,1,0.7,4.25,0.72
P001510,28803.21,13,5,1,0,2,4,1,0.3846,4.0,0.75
P001511,25861.1,11,2,1,1,2,8,3,0.1818,5.0,0.71
P001512,6044.18,5,2,0,2,1,8,2,0.4,4.23,0.4
P001513,35848.32,8,1,2,3,0,5,3,0.125,5.0,0.51
P001514,16051.82,12,3,1,0,3,5,2,0.25,4.0,0.74
P001515,154568.5,12,4,1,0,3,7,0,0.3333,5.0,0.76
P001516,19042.21,16,6,3,4,4,8,5,0.375,4.6,1.08
P001517,7085.389999999999,4,1,0,1,3,6,6,0.25,4.23,0.37
P001518,27458.62,9,3,0,2,0,6,2,0.3333,4.0,0.55
P001519,1093.8600000000001,4,2,0,3,2,8,5,0.5,4.0,0.4
P001520,8759.98,5,0,1,3,1,9,8,0.0,4.23,0.43
P001521,4037.17,7,2,0,3,2,6,4,0.2857,5.0,0.53
P001522,56985.33,3,1,0,2,1,4,4,0.3333,4.23,0.26
P001523,36930.8,9,3,0,1,3,10,5,0.3333,4.5,0.66
P001524,114774.55,6,2,3,1,7,9,2,0.3333,4.0,0.62
P001525,8539.57,5,1,0,3,4,12,3,0.2,4.23,0.55
P001526,10056.67,12,7,1,3,2,8,4,0.5833,4.5,0.8
P001527,8435.92,6,4,1,3,0,7,4,0.6667,4.33,0.43
P001528,1207.19,4,2,0,3,1,6,1,0.5,5.0,0.35
P001529,40545.12,2,1,0,0,0,6,4,0.5,5.0,0.16
P001530,20666.38,11,3,0,4,4,3,8,0.2727,4.0,0.78
P001531,27973.15,11,4,0,1,1,6,7,0.3636,5.0,0.66
P001532,7068.17,8,3,0,1,2,8,2,0.375,5.0,0.56
P001533,88805.84,7,3,1,4,1,8,5,0.4286,4.67,0.54
P001534,2548.78,7,4,0,2,2,4,4,0.5714,4.5,0.49
P001535,16137.3,7,3,1,2,1,10,6,0.4286,4.67,0.52
P001536,2417.34,10,5,0,1,2,7,2,0.5,5.0,0.65
P001537,14052.95,8,3,2,2,2,9,5,0.375,4.33,0.59
P001538,13240.48,7,1,0,2,3,7,4,0.1429,5.0,0.55
P001539,2871.77,6,3,1,2,5,7,5,0.5,5.0,0.56
P001540,1614.1,3,0,0,1,1,10,5,0.0,4.23,0.3
P001541,8409.84,5,0,1,1,3,9,5,0.0,4.23,0.45
P001542,3242.13,7,4,0,3,1,10,6,0.5714,4.5,0.54
P001543,37448.47,10,5,1,1,4,3,2,0.5,4.33,0.67
P001544,14316.97,8,4,2,1,3,4,4,0.5,4.0,0.55
P001545,24433.83,10,1,1,2,2,8,4,0.1,5.0,0.68
P001546,21209.41,6,5,0,0,3,4,11,0.8333,4.0,0.43
P001547,4204.04,7,3,0,2,2,7,3,0.4286,4.67,0.52
P001548,1221.1,6,1,1,1,2,6,3,0.1667,5.0,0.44
P001549,1505.29,9,3,1,0,3,7,3,0.3333,4.5,0.61
P001550,14111.06,9,1,1,1,2,3,2,0.1111,4.0,0.56
P001551,11870.6,9,4,1,2,1,3,3,0.4444,4.0,0.55
P001552,15632.48,8,3,0,2,3,6,6,0.375,4.0,0.59
P001553,5304.89,4,2,0,1,2,4,6,0.5,4.5,0.32
P001554,14912.74,8,3,1,3,1,5,4,0.375,4.67,0.54
P001555,18610.420000000002,12,4,0,3,1,8,2,0.3333,4.25,0.77
P001556,34780.61,6,3,0,1,4,13,2,0.5,4.67,0.57
P001557,8141.19,4,2,0,1,2,7,1,0.5,4.0,0.35
P001558,11371.779999999999,5,2,0,3,5,5,2,0.4,4.0,0.51
P001559,18524.72,10,4,1,0,2,3,5,0.4,5.0,0.59
P001560,3137.49,5,0,0,2,3,6,1,0.0,4.23,0.44
P001561,112299.87,7,3,1,1,4,7,5,0.4286,4.5,0.56
P001562,13173.78,5,3,0,1,4,11,3,0.6,4.0,0.5
P001563,80024.7,7,3,1,1,3,7,0,0.4286,4.0,0.53
P001564,4141.14,10,3,1,5,2,3,6,0.3,4.0,0.69
P001565,986.1700000000001,7,4,0,2,1,11,7,0.5714,4.33,0.53
P001566,14569.83,3,1,0,4,1,7,6,0.3333,5.0,0.33
P001567,8288.81,7,2,1,1,1,4,3,0.2857,5.0,0.44
P001568,198.90999999999997,5,3,0,1,0,7,4,0.6,4.67,0.34
P001569,1479.04,6,2,1,0,2,9,3,0.3333,4.0,0.45
P001570,11449.9,12,6,2,2,2,3,1,0.5,4.4,0.73
P001571,40387.86,3,0,0,4,0,6,5,0.0,4.23,0.29
P001572,5211.46,9,2,2,4,0,8,3,0.2222,4.5,0.61
P001573,3890.42,5,1,1,1,4,4,3,0.2,5.0,0.43
P001574,10830.1,6,4,0,0,1,8,5,0.6667,4.33,0.41
P001575,13574.74,11,6,1,1,0,7,3,0.5455,4.33,0.64
P001576,10576.11,6,2,1,1,5,5,0,0.3333,4.0,0.52
P001577,5792.25,7,3,0,4,1,3,3,0.4286,4.5,0.49
P001578,22799.7,11,2,0,3,2,10,3,0.1818,4.0,0.77
P001579,14801.28,9,3,0,0,0,11,1,0.3333,4.5,0.56
P001580,17401.52,4,3,0,0,2,6,4,0.75,4.5,0.32
P001581,461.81,4,1,1,2,1,9,7,0.25,5.0,0.36
P001582,218692.26,11,6,2,5,3,13,4,0.5455,4.2,0.87
P001583,21352.47,13,5,2,1,4,7,3,0.3846,4.5,0.86
P001584,2107.62,6,2,1,2,1,9,4,0.3333,5.0,0.46
P001585,15110.76,10,6,0,0,3,4,6,0.6,4.5,0.63
P001586,21022.17,11,2,1,0,1,6,3,0.1818,4.0,0.64
P001587,14677.42,6,4,0,1,2,12,2,0.6667,4.5,0.5
P001588,22913.88,11,6,1,2,1,7,3,0.5455,4.75,0.69
P001589,11275.2,5,4,0,0,1,5,7,0.8,4.33,0.33
P001590,13825.0,7,3,0,1,2,7,5,0.4286,4.67,0.5
P001591,21289.12,11,4,3,0,2,5,2,0.3636,4.0,0.66
P001592,20059.829999999998,7,2,1,4,4,8,4,0.2857,4.23,0.63
P001593,73157.55,5,1,2,2,4,8,4,0.2,4.0,0.49
P001594,7320.32,3,2,0,0,3,6,5,0.6667,5.0,0.3
P001595,11882.599999999999,3,2,0,1,1,6,5,0.6667,4.0,0.26
P001596,14557.2,12,2,1,1,4,6,4,0.1667,4.5,0.8
P001597,25927.92,10,4,1,2,2,9,1,0.4,4.67,0.69
P001598,3255.14,12,4,1,1,2,6,4,0.3333,4.25,0.74
P001599,1612.21,6,2,2,2,2,5,4,0.3333,4.0,0.45
P001600,1014.02,6,2,0,2,0,7,6,0.3333,5.0,0.41
P001601,16314.060000000001,8,3,1,1,2,11,6,0.375,5.0,0.59
P001602,225405.66,11,5,0,3,3,8,4,0.4545,4.4,0.78
P001603,24924.8,5,1,0,1,0,4,3,0.2,4.0,0.31
P001604,3493.45,4,2,0,1,1,12,3,0.5,4.5,0.37
P001605,7853.07,6,2,0,2,1,9,3,0.3333,4.5,0.46
P001606,15610.14,7,1,0,0,1,4,3,0.1429,4.0,0.42
P001607,20342.71,9,2,3,0,4,6,0,0.2222,5.0,0.63
P001608,13823.87,8,3,1,1,3,8,1,0.375,4.0,0.59
P001609,10817.11,10,3,2,0,2,8,4,0.3,4.67,0.64
P001610,43839.13,5,3,0,1,4,10,2,0.6,5.0,0.49
P001611,1347.69,8,3,1,2,2,5,2,0.375,5.0,0.55
P001612,9094.44,8,4,1,2,0,5,6,0.5,4.67,0.49
P001613,5443.73,7,4,0,1,0,4,4,0.5714,4.67,0.41
P001614,9226.01,5,2,0,0,0,9,4,0.4,4.0,0.34
P001615,11753.78,7,3,1,3,5,11,5,0.4286,4.0,0.67
P001616,30429.44,11,3,1,1,2,7,0,0.2727,4.5,0.7
P001617,40926.34,9,5,3,0,7,5,3,0.5556,4.5,0.71
P001618,9013.93,7,2,2,0,2,5,6,0.2857,4.0,0.46
P001619,8812.15,6,2,0,2,3,11,3,0.3333,4.0,0.54
P001620,3206.47,11,4,2,2,3,8,5,0.3636,4.67,0.76
P001621,12443.94,7,3,1,1,4,8,6,0.4286,4.5,0.57
P001622,2898.65,4,1,0,0,2,7,4,0.25,5.0,0.33
P001623,76614.06,14,4,4,0,4,9,3,0.2857,4.33,0.91
P001624,3387.54,6,2,1,3,0,5,1,0.3333,4.0,0.41
P001625,9725.03,7,1,0,1,5,11,4,0.1429,4.0,0.63
P001626,8970.970000000001,5,2,0,1,4,7,5,0.4,4.0,0.46
P001627,12696.49,7,1,1,1,5,10,3,0.1429,4.0,0.62
P001628,64060.68,5,4,0,0,1,6,4,0.8,4.5,0.34
P001629,2494.7400000000002,6,0,2,1,4,8,4,0.0,4.23,0.52
P001630,17851.78,9,4,0,1,2,12,2,0.4444,4.0,0.65
P001631,39040.21,13,4,1,0,6,4,5,0.3077,4.5,0.87
P001632,5751.55,6,3,1,1,2,6,5,0.5,4.5,0.44
P001633,25649.629999999997,12,5,1,3,6,13,9,0.4167,4.5,0.97
P001634,7563.29,10,6,0,0,3,5,5,0.6,4.0,0.64
P001635,103468.55,10,3,1,2,6,6,5,0.3,5.0,0.78
P001636,4495.15,7,1,1,1,2,6,2,0.1429,4.0,0.49
P001637,3862.19,4,1,1,0,5,15,5,0.25,5.0,0.5
P001638,6750.07,7,1,1,2,2,10,4,0.1429,4.0,0.55
P001639,17493.71,10,3,1,0,2,10,2,0.3,5.0,0.66
P001640,7428.75,6,3,1,3,3,9,5,0.5,4.5,0.54
P001641,4320.08,6,1,1,1,4,6,4,0.1667,4.0,0.5
P001642,42909.18,5,4,0,2,1,9,8,0.8,4.67,0.41
P001643,14186.46,5,2,0,1,3,4,4,0.4,5.0,0.4
P001644,11223.029999999999,4,3,1,1,4,5,3,0.75,4.0,0.39
P001645,17357.32,7,3,0,1,2,7,7,0.4286,4.33,0.5
P001646,86780.01,8,3,0,3,1,4,5,0.375,5.0,0.53
P001647,4671.89,3,1,0,0,1,9,5,0.3333,5.0,0.27
P001648,6586.41,8,1,1,3,1,8,4,0.125,4.0,0.57
P001649,23955.09,11,4,1,2,1,5,2,0.3636,4.33,0.67
P001650,9874.09,5,2,1,1,2,6,4,0.4,5.0,0.39
P001651,2880.67,5,0,1,2,0,14,3,0.0,4.23,0.43
P001652,10941.539999999999,2,0,0,0,3,4,5,0.0,4.23,0.23
P001653,2152.7,5,4,0,0,2,10,4,0.8,4.5,0.41
P001654,14347.58,7,2,1,2,1,10,6,0.2857,4.5,0.52
P001655,8073.0,4,2,1,1,2,10,4,0.5,4.5,0.38
P001656,9831.89,10,3,1,0,6,3,8,0.3,4.5,0.71
P001657,1735.23,6,1,0,3,3,5,3,0.1667,5.0,0.5
P001658,4882.889999999999,6,2,0,1,1,9,1,0.3333,4.0,0.44
P001659,39042.979999999996,9,5,1,2,1,6,4,0.5556,4.5,0.58
P001660,4913.83,9,3,1,4,3,8,3,0.3333,4.5,0.7
P001661,64503.0,5,4,0,2,2,9,1,0.8,4.0,0.44
P001662,12625.63,4,0,0,0,2,8,7,0.0,4.23,0.34
P001663,5171.46,3,2,0,1,4,6,3,0.6667,4.0,0.35
P001664,19107.27,12,4,1,2,0,5,4,0.3333,5.0,0.69
P001665,35825.69,8,2,2,3,1,11,6,0.25,4.5,0.6
P001666,2067.9,3,1,1,3,0,4,1,0.3333,4.23,0.25
P001667,3927.32,4,2,0,2,2,4,3,0.5,5.0,0.34
P001668,7443.11,9,3,1,1,2,9,6,0.3333,5.0,0.62
P001669,7517.36,8,3,0,1,2,12,5,0.375,4.33,0.6
P001670,43350.03,8,2,1,2,2,4,2,0.25,5.0,0.54
P001671,14820.52,9,3,1,1,0,9,5,0.3333,4.5,0.56
P001672,2914.29,7,3,1,1,2,6,1,0.4286,4.67,0.49
P001673,8863.31,4,2,0,1,3,9,6,0.5,5.0,0.4
P001674,36322.520000000004,9,2,1,1,2,6,2,0.2222,4.0,0.59
P001675,173589.81,11,7,1,5,3,7,2,0.6364,4.4,0.81
P001676,22316.989999999998,12,4,1,0,2,9,4,0.3333,4.75,0.75
P001677,1975.34,8,2,2,2,0,7,4,0.25,4.0,0.51
P001678,4116.95,4,2,1,1,0,9,6,0.5,4.5,0.31
P001679,121880.07999999999,7,1,2,4,5,11,5,0.1429,4.0,0.69
P001680,1092.01,5,4,0,0,3,10,5,0.8,4.5,0.44
P001681,2563.42,6,2,1,3,2,8,3,0.3333,4.0,0.5
P001682,23349.44,13,5,1,1,3,6,5,0.3846,4.5,0.82
P001683,2869.58,4,2,0,2,4,8,4,0.5,5.0,0.44
P001684,9028.33,5,2,1,1,2,9,0,0.4,5.0,0.42
P001685,4370.97,11,5,0,1,1,5,8,0.4545,4.8,0.65
P001686,12762.460000000001,8,4,0,0,2,5,4,0.5,4.0,0.51
P001687,1719.92,7,4,1,5,3,9,7,0.5714,5.0,0.63
P001688,1806.67,3,1,1,0,1,7,2,0.3333,5.0,0.25
P001689,20931.27,8,4,0,0,4,8,3,0.5,4.5,0.6
P001690,6494.27,4,1,0,0,2,3,2,0.25,4.0,0.29
P001691,2738.13,10,2,1,2,4,7,7,0.2,4.23,0.73
P001692,7585.0199999999995,11,4,2,2,2,9,7,0.3636,4.5,0.74
P001693,42074.75,11,4,1,0,5,7,3,0.3636,4.75,0.77
P001694,34954.7,10,8,0,1,1,7,7,0.8,4.5,0.62
P001695,277250.02999999997,16,4,2,3,3,7,4,0.25,5.0,1.02
P001696,5934.54,8,4,0,2,3,6,5,0.5,4.5,0.59
P001697,9023.42,6,2,0,2,2,9,3,0.3333,5.0,0.49
P001698,32197.04,13,6,1,4,4,12,4,0.4615,4.25,0.97
P001699,92942.68000000001,7,1,1,0,2,5,5,0.1429,4.23,0.46
P001700,45127.05,6,4,1,1,2,8,3,0.6667,4.33,0.46
P001701,1607.73,5,4,0,3,2,9,3,0.8,5.0,0.46
P001702,9299.94,13,5,3,1,3,8,6,0.3846,4.75,0.84
P001703,110545.48,7,3,0,1,3,7,4,0.4286,4.0,0.53
P001704,39671.89,9,1,1,0,0,7,4,0.1111,5.0,0.52
P001705,54822.74,6,3,2,3,2,10,4,0.5,4.67,0.52
P001706,24471.96,12,7,0,1,2,11,3,0.5833,5.0,0.79
P001707,1669.9,3,1,0,2,2,2,4,0.3333,4.0,0.27
P001708,7864.14,4,2,1,1,3,8,6,0.5,5.0,0.39
P001709,10568.07,7,3,1,2,1,5,5,0.4286,4.0,0.47
P001710,3027.26,10,8,0,0,0,9,5,0.8,4.6,0.59
P001711,26710.45,9,4,2,0,3,6,3,0.4444,4.67,0.6
P001712,4236.16,10,4,2,1,3,9,5,0.4,4.75,0.7
P001713,12875.45,7,3,1,4,5,5,3,0.4286,4.5,0.63
P001714,9694.41,5,1,1,1,0,9,3,0.2,4.0,0.36
P001715,2580.94,5,2,0,0,2,8,4,0.4,5.0,0.39
P001716,12342.05,8,2,0,2,1,10,4,0.25,4.23,0.57
P001717,1845.81,8,4,1,1,1,6,1,0.5,4.0,0.51
P001718,21517.85,10,5,1,0,2,5,4,0.5,5.0,0.61
P001719,14625.71,12,6,0,1,1,6,4,0.5,5.0,0.71
P001720,16006.5,9,3,1,0,1,10,4,0.3333,4.67,0.58
P001721,16646.69,10,4,1,0,4,9,2,0.4,4.5,0.71
P001722,13023.19,9,6,0,1,3,13,6,0.6667,4.25,0.69
P001723,15718.89,7,2,1,2,1,11,4,0.2857,5.0,0.53
P001724,20036.45,7,3,1,2,1,6,4,0.4286,4.5,0.48
P001725,48287.92,9,3,1,2,2,12,5,0.3333,4.0,0.67
P001726,43942.520000000004,12,5,1,2,0,12,1,0.4167,4.4,0.76
P001727,47626.520000000004,6,3,0,0,2,5,8,0.5,4.5,0.41
P001728,69079.86,5,1,1,0,4,9,2,0.2,5.0,0.46
P001729,19645.82,9,3,1,2,0,7,3,0.3333,4.23,0.56
P001730,29165.17,13,5,1,3,5,12,5,0.3846,4.5,0.98
P001731,3460.67,4,3,0,2,0,10,6,0.75,4.67,0.34
P001732,22295.91,7,3,0,1,1,5,4,0.4286,4.5,0.45
P001733,13280.14,11,4,0,1,2,9,3,0.3636,5.0,0.72
P001734,16270.83,7,7,0,2,4,8,5,1.0,4.2,0.59
P001735,4888.09,8,4,2,2,1,8,1,0.5,4.33,0.55
P001736,1023.18,7,4,0,0,1,6,7,0.5714,4.0,0.44
P001737,7263.63,10,1,2,1,4,8,4,0.1,4.0,0.72
P001738,17238.89,7,3,0,2,6,8,1,0.4286,4.0,0.65
P001739,1549.73,11,4,2,0,3,4,1,0.3636,5.0,0.68
P001740,5520.65,14,10,0,0,2,9,5,0.7143,4.6,0.85
P001741,1939.2,12,4,2,0,1,9,3,0.3333,5.0,0.72
P001742,22254.3,14,5,2,2,2,5,3,0.3571,4.33,0.85
P001743,3762.36,5,1,0,1,4,4,6,0.2,4.0,0.43
P001744,19401.36,10,3,2,2,5,6,4,0.3,4.5,0.75
P001745,94117.86,9,4,2,1,2,9,0,0.4444,5.0,0.62
P001746,19625.13,4,1,0,1,4,4,3,0.25,4.0,0.38
P001747,8060.08,3,2,0,0,3,9,0,0.6667,4.0,0.33
P001748,1736.29,5,3,0,2,2,4,4,0.6,4.67,0.39
P001749,24093.37,9,5,0,1,0,8,4,0.5556,4.33,0.55
P001750,2572.71,5,1,0,4,3,8,3,0.2,5.0,0.5
P001751,13206.58,7,1,2,1,1,3,1,0.1429,5.0,0.43
P001752,9275.3,6,3,1,4,7,6,3,0.5,4.0,0.65
P001753,2017.73,8,2,2,1,4,7,3,0.25,4.0,0.61
P001754,14006.66,6,4,0,2,7,7,2,0.6667,4.33,0.62
P001755,2694.96,8,6,1,3,2,3,3,0.75,4.5,0.55
P001756,22601.65,6,2,0,1,1,9,0,0.3333,4.0,0.44
P001757,14354.32,5,2,1,3,5,11,2,0.4,4.5,0.57
P001758,56905.6,9,4,1,1,2,10,2,0.4444,4.67,0.63
P001759,8082.09,6,1,1,0,1,13,4,0.1667,5.0,0.46
P001760,13358.73,9,3,0,0,3,7,2,0.3333,4.67,0.61
P001761,9788.71,5,2,0,2,4,0,6,0.4,5.0,0.41
P001762,70813.56,6,2,1,3,1,6,0,0.3333,4.0,0.45
P001763,12616.01,5,4,0,1,3,9,3,0.8,4.5,0.45
P001764,111462.62000000001,8,5,1,0,4,4,3,0.625,4.33,0.56
P001765,101710.27,7,5,0,0,1,5,4,0.7143,4.5,0.43
P001766,14598.78,13,7,1,2,5,7,8,0.5385,4.33,0.91
P001767,9296.98,9,3,1,0,4,13,6,0.3333,4.0,0.7
P001768,1753.51,14,8,0,1,1,7,1,0.5714,4.38,0.82
P001769,5861.35,5,4,0,5,3,3,3,0.8,5.0,0.47
P001770,18866.61,7,3,1,2,4,7,5,0.4286,5.0,0.58
P001771,11352.97,8,2,1,1,2,6,6,0.25,4.23,0.54
P001772,5802.15,4,2,0,5,5,15,2,0.5,5.0,0.6
P001773,2144.0299999999997,6,4,0,0,5,8,3,0.6667,4.33,0.53
P001774,4088.1,7,2,2,2,1,8,4,0.2857,4.5,0.5
P001775,141329.27,8,1,0,0,3,6,1,0.125,5.0,0.55
P001776,2367.88,2,0,0,2,2,2,2,0.0,4.23,0.22
P001777,39262.11,8,2,0,1,2,12,4,0.25,4.5,0.6
P001778,17898.190000000002,8,4,1,2,2,7,4,0.5,4.67,0.57
P001779,14083.75,11,4,1,3,4,6,5,0.3636,4.0,0.79
P001780,4599.73,9,5,1,0,3,4,2,0.5556,4.67,0.58
P001781,9487.04,5,3,0,2,0,1,5,0.6,4.67,0.3
P001782,13189.220000000001,5,1,0,3,0,3,4,0.2,5.0,0.34
P001783,7283.39,5,3,1,0,4,13,5,0.6,4.5,0.5
P001784,44579.09,12,8,1,2,2,8,3,0.6667,4.6,0.78
P001785,9956.2,9,6,2,1,2,5,2,0.6667,4.25,0.58
P001786,24860.12,7,5,0,0,3,5,6,0.7143,4.67,0.49
P001787,4793.82,2,2,0,3,4,8,1,1.0,4.0,0.36
P001788,16221.38,6,1,2,1,0,5,4,0.1667,5.0,0.37
P001789,8163.400000000001,11,4,1,0,2,6,2,0.3636,4.67,0.67
P001790,733.48,7,3,2,1,3,8,7,0.4286,4.0,0.54
P001791,85128.94,9,2,0,1,3,5,5,0.2222,4.5,0.61
P001792,22087.16,7,5,0,3,3,9,3,0.7143,4.4,0.59
P001793,19670.129999999997,9,3,2,1,0,6,5,0.3333,5.0,0.53
P001794,16821.46,6,2,0,4,3,5,2,0.3333,5.0,0.52
P001795,20076.59,11,6,1,1,3,9,3,0.5455,4.33,0.75
P001796,26212.56,3,0,1,2,4,7,7,0.0,4.23,0.38
P001797,5539.25,7,3,0,1,0,5,2,0.4286,5.0,0.42
P001798,758.59,4,1,0,2,3,10,4,0.25,4.0,0.43
P001799,37871.6,10,2,0,4,1,7,1,0.2,4.23,0.68
P001800,2945.1,7,5,0,2,2,6,4,0.7143,4.75,0.51
P001801,12768.85,6,2,1,1,3,5,4,0.3333,4.0,0.46
P001802,13193.69,5,2,0,1,1,7,3,0.4,5.0,0.37
P001803,13415.539999999999,4,1,1,0,3,8,4,0.25,5.0,0.37
P001804,2922.02,7,1,1,2,0,15,1,0.1429,5.0,0.54
P001805,9813.83,6,4,1,0,2,14,4,0.6667,4.0,0.5
P001806,20460.8,11,3,1,2,3,6,4,0.2727,4.23,0.74
P001807,10070.13,7,3,0,0,2,10,4,0.4286,4.33,0.51
P001808,3167.65,12,8,2,2,2,4,2,0.6667,4.6,0.74
P001809,21239.550000000003,9,6,0,1,3,11,1,0.6667,4.0,0.67
P001810,8748.34,6,3,0,0,3,3,3,0.5,4.33,0.42
P001811,52805.15,5,4,0,4,1,4,5,0.8,4.0,0.4
P001812,15948.51,8,3,1,1,2,9,3,0.375,4.0,0.57
P001813,273.58,3,2,0,2,3,2,3,0.6667,4.5,0.3
P001814,13815.68,5,3,1,2,2,8,2,0.6,4.67,0.43
P001815,36788.99,4,0,2,2,3,12,4,0.0,4.23,0.45
P001816,16454.739999999998,6,2,1,0,1,7,3,0.3333,4.0,0.4
P001817,27308.61,6,3,0,1,5,12,7,0.5,4.0,0.59
P001818,127266.11,11,4,1,1,3,8,4,0.3636,4.0,0.74
P001819,8200.97,10,4,1,0,0,10,4,0.4,4.5,0.6
P001820,21557.87,8,4,0,3,0,8,2,0.5,5.0,0.54
P001821,983.76,4,1,0,0,0,7,2,0.25,4.23,0.27
P001822,15336.720000000001,9,4,1,0,3,8,5,0.4444,4.33,0.62
P001823,14098.99,8,2,2,1,4,9,3,0.25,4.5,0.63
P001824,10637.460000000001,8,3,2,1,1,10,10,0.375,5.0,0.55
P001825,33972.26,8,3,1,2,3,7,3,0.375,4.33,0.6
P001826,19576.350000000002,8,2,1,0,6,10,4,0.25,5.0,0.68
P001827,4760.28,3,1,0,2,5,4,5,0.3333,5.0,0.38
P001828,14746.67,5,2,0,0,6,9,4,0.4,4.0,0.52
P001829,4015.68,4,1,1,3,2,6,7,0.25,4.0,0.38
P001830,70038.34,6,1,0,0,2,3,6,0.1667,5.0,0.39
P001831,44739.53,6,3,1,1,2,15,3,0.5,5.0,0.53
P001832,14749.03,9,3,2,2,1,6,2,0.3333,5.0,0.58
P001833,54368.84,6,1,0,0,3,9,2,0.1667,5.0,0.48
P001834,35660.82,9,5,1,0,1,5,5,0.5556,4.6,0.53
P001835,26739.329999999998,8,3,0,2,2,3,3,0.375,4.0,0.53
P001836,27841.69,9,5,0,0,1,4,3,0.5556,4.25,0.52
P001837,9485.35,8,2,0,0,5,12,4,0.25,5.0,0.67
P001838,16044.720000000001,9,4,1,2,2,8,5,0.4444,4.67,0.63
P001839,4680.07,7,2,1,0,2,12,4,0.2857,5.0,0.53
P001840,21016.82,14,4,2,1,5,7,4,0.2857,5.0,0.94
P001841,1561.51,8,3,0,3,1,3,4,0.375,5.0,0.52
P001842,31331.760000000002,13,6,0,1,2,9,3,0.4615,4.5,0.82
P001843,7137.42,12,5,1,4,1,3,9,0.4167,4.25,0.74
P001844,36044.26,7,3,1,3,3,5,2,0.4286,4.33,0.55
P001845,9830.56,5,1,1,2,2,11,4,0.2,4.23,0.46
P001846,978.58,8,2,1,0,5,8,2,0.25,4.0,0.63
P001847,105019.38,7,2,1,2,4,6,4,0.2857,4.0,0.57
P001848,13372.35,11,4,0,1,1,7,2,0.3636,4.67,0.67
P001849,89642.59,11,7,2,1,1,8,5,0.6364,4.25,0.68
P001850,23768.63,11,6,1,0,4,7,3,0.5455,4.75,0.74
P001851,23945.29,13,5,3,2,3,3,3,0.3846,4.67,0.81
P001852,127211.83,9,1,0,1,1,11,4,0.1111,4.0,0.61
P001853,21655.11,7,3,0,4,1,5,2,0.4286,5.0,0.51
P001854,6460.67,3,2,0,1,1,10,4,0.6667,5.0,0.3
P001855,535.18,1,1,0,1,0,5,1,1.0,5.0,0.12
P001856,51798.65,9,3,2,3,2,5,3,0.3333,4.23,0.62
P001857,26214.71,12,6,0,1,2,7,3,0.5,4.0,0.75
P001858,97454.04999999999,11,2,1,4,1,9,2,0.1818,5.0,0.75
P001859,9694.5,7,3,1,1,2,9,5,0.4286,4.5,0.52
P001860,7723.24,6,2,0,1,4,6,4,0.3333,4.5,0.5
P001861,16654.42,9,2,0,1,1,9,4,0.2222,4.5,0.59
P001862,4751.44,6,3,0,2,3,8,3,0.5,4.0,0.51
P001863,9196.59,10,1,1,0,1,8,2,0.1,4.23,0.61
P001864,101094.23000000001,9,2,1,0,1,4,4,0.2222,5.0,0.52
P001865,491.68,10,6,1,2,0,8,1,0.6,4.6,0.62
P001866,1450.24,10,4,0,0,0,7,3,0.4,4.25,0.57
P001867,7781.14,3,1,0,1,1,5,0,0.3333,4.0,0.25
P001868,27547.34,8,4,1,1,0,5,8,0.5,4.5,0.47
P001869,18968.12,12,4,4,3,2,5,4,0.3333,5.0,0.77
P001870,13990.68,8,4,0,2,1,5,3,0.5,4.0,0.52
P001871,6671.280000000001,3,1,1,2,1,8,1,0.3333,5.0,0.3
P001872,33417.31,12,4,0,1,1,10,7,0.3333,5.0,0.75
P001873,12277.86,7,0,2,3,1,5,3,0.0,4.23,0.49
P001874,26755.83,5,2,2,2,2,10,2,0.4,4.0,0.45
P001875,18874.96,8,3,0,1,0,8,2,0.375,4.67,0.5
P001876,65184.81,6,2,0,1,3,9,2,0.3333,4.5,0.5
P001877,21527.100000000002,11,2,2,3,6,3,4,0.1818,5.0,0.82
P001878,17252.559999999998,10,6,0,0,4,12,3,0.6,4.75,0.74
P001879,5131.35,7,2,1,0,3,8,1,0.2857,5.0,0.52
P001880,72237.01999999999,6,3,0,0,2,12,5,0.5,4.67,0.48
P001881,74967.86,9,4,0,3,1,6,4,0.4444,4.5,0.6
P001882,78628.15000000001,6,3,0,1,2,8,3,0.5,4.0,0.46
P001883,96234.48999999999,8,3,1,4,2,5,9,0.375,4.5,0.59
P001884,9498.36,6,2,1,1,1,8,6,0.3333,5.0,0.43
P001885,14281.970000000001,8,5,0,2,2,6,3,0.625,4.25,0.56
P001886,36213.22,8,2,2,0,3,10,6,0.25,4.5,0.59
P001887,12005.119999999999,6,1,0,0,1,5,4,0.1667,5.0,0.38
P001888,17805.39,6,3,1,2,2,6,4,0.5,4.0,0.46
P001889,9419.76,6,4,0,3,1,12,3,0.6667,4.5,0.51
P001890,26927.18,5,2,0,0,2,6,3,0.4,5.0,0.37
P001891,21722.15,9,3,2,1,1,9,5,0.3333,5.0,0.59
P001892,2848.2,1,0,0,1,2,7,3,0.0,4.23,0.2
P001893,8237.99,9,4,4,0,1,4,7,0.4444,4.0,0.52
P001894,4839.77,9,4,0,1,1,13,3,0.4444,4.0,0.63
P001895,33616.42,4,2,0,5,4,4,6,0.5,4.23,0.46
P001896,3114.42,7,2,1,0,3,13,3,0.2857,4.0,0.57
P001897,90819.13,8,2,0,3,5,7,3,0.25,4.5,0.68
P001898,8006.32,6,2,2,0,6,7,2,0.3333,5.0,0.55
P001899,142970.34,6,1,1,4,0,3,10,0.1667,4.23,0.41
P001900,2279.15,6,4,0,1,0,6,2,0.6667,4.33,0.38
P001901,3674.61,7,2,1,2,2,7,4,0.2857,5.0,0.52
P001902,2306.38,3,1,0,0,3,5,2,0.3333,4.0,0.29
P001903,13504.46,8,2,0,2,2,5,6,0.25,4.0,0.55
P001904,19641.56,8,1,0,1,2,9,3,0.125,5.0,0.57
P001905,26038.83,13,2,0,2,5,10,4,0.1538,5.0,0.94
P001906,5396.02,10,5,1,2,1,9,1,0.5,4.5,0.66
P001907,8550.31,4,1,1,1,0,11,4,0.25,4.0,0.33
P001908,50283.62,7,3,0,1,3,5,5,0.4286,5.0,0.51
P001909,9558.68,6,3,1,1,4,10,3,0.5,4.0,0.54
P001910,24583.13,9,2,0,2,4,7,4,0.2222,4.0,0.68
P001911,167.12,2,1,0,4,2,8,6,0.5,4.0,0.32
P001912,130278.99,10,4,3,3,2,8,6,0.4,4.5,0.7
P001913,12213.779999999999,7,2,1,1,0,12,5,0.2857,5.0,0.49
P001914,9337.12,5,2,0,3,2,11,7,0.4,4.23,0.48
P001915,168627.02000000002,11,4,3,1,1,7,2,0.3636,4.67,0.67
P001916,16988.81,7,3,2,1,3,9,7,0.4286,4.0,0.55
P001917,77078.36,4,0,1,3,1,8,2,0.0,4.23,0.37
P001918,15229.11,9,5,2,0,3,9,2,0.5556,4.5,0.63
P001919,3299.88,5,1,2,1,2,7,4,0.2,5.0,0.4
P001920,2741.27,5,2,0,2,1,6,5,0.4,4.0,0.38
P001921,143250.79,9,4,3,2,2,11,4,0.4444,4.33,0.66
P001922,13553.97,7,1,1,3,2,3,5,0.1429,4.0,0.5
P001923,10623.53,9,3,0,0,0,10,3,0.3333,4.5,0.55
P001924,4238.35,4,1,1,0,5,9,5,0.25,5.0,0.44
P001925,10355.7,7,1,2,1,2,4,0,0.1429,5.0,0.47
P001926,16320.25,10,4,2,1,4,11,7,0.4,4.5,0.75
P001927,44485.03,7,6,0,5,4,7,5,0.8571,4.5,0.64
P001928,1234.1200000000001,5,2,2,1,5,8,3,0.4,5.0,0.5
P001929,6850.07,8,2,1,1,0,6,2,0.25,5.0,0.48
P001930,7916.17,7,3,2,3,4,5,4,0.4286,5.0,0.58
P001931,26921.3,6,2,2,1,0,11,3,0.3333,4.0,0.43
P001932,20278.98,9,4,0,3,2,7,4,0.4444,4.25,0.64
P001933,36003.35,9,2,2,0,2,9,8,0.2222,5.0,0.6
P001934,1326.1799999999998,4,1,1,2,1,5,3,0.25,4.0,0.32
P001935,2721.59,4,1,0,3,1,6,3,0.25,5.0,0.35
P001936,12031.4,8,4,0,1,5,7,3,0.5,4.25,0.64
P001937,12392.17,6,2,2,1,2,6,2,0.3333,4.5,0.44
P001938,12905.68,12,6,1,3,4,9,4,0.5,4.67,0.87
P001939,2634.68,9,3,1,0,1,6,2,0.3333,4.0,0.54
P001940,15292.28,8,4,0,3,5,6,2,0.5,4.33,0.67
P001941,10428.220000000001,8,3,2,0,2,12,2,0.375,4.0,0.58
P001942,12604.0,8,2,0,1,4,8,5,0.25,4.0,0.62
P001943,2826.8100000000004,3,0,1,0,5,6,6,0.0,4.23,0.36
P001944,30214.93,4,1,2,1,1,12,3,0.25,4.0,0.37
P001945,2260.34,5,4,0,0,2,10,4,0.8,4.75,0.41
P001946,12515.15,7,2,1,3,2,8,2,0.2857,5.0,0.55
P001947,3218.18,4,1,0,1,3,8,4,0.25,4.23,0.39
P001948,1932.22,4,2,0,2,4,6,4,0.5,4.5,0.42
P001949,24267.239999999998,11,5,0,2,2,9,3,0.4545,4.5,0.74
P001950,23204.9,6,3,1,2,2,8,6,0.5,4.33,0.48
P001951,10853.619999999999,8,3,0,1,1,8,2,0.375,4.0,0.53
P001952,12106.92,8,3,0,2,3,7,2,0.375,4.5,0.6
P001953,21373.06,9,7,1,0,2,6,6,0.7778,5.0,0.57
P001954,2233.09,7,2,2,1,1,5,4,0.2857,5.0,0.45
P001955,12613.09,8,7,1,1,4,10,4,0.875,4.4,0.64
P001956,4503.04,6,1,0,0,0,10,4,0.1667,4.0,0.4
P001957,12419.73,7,5,0,3,1,2,6,0.7143,4.67,0.46
P001958,2386.84,6,4,0,4,4,7,4,0.6667,4.33,0.57
P001959,6091.05,7,2,0,3,4,8,8,0.2857,5.0,0.61
P001960,8770.73,11,5,1,2,2,11,5,0.4545,4.5,0.76
P001961,5404.69,6,4,1,3,1,11,4,0.6667,4.5,0.5
P001962,14482.53,3,1,0,5,2,9,4,0.3333,4.0,0.4
P001963,2090.98,5,2,0,0,0,5,1,0.4,4.5,0.3
P001964,7143.71,6,2,1,2,5,10,3,0.3333,5.0,0.59
P001965,22379.83,14,4,1,1,3,5,3,0.2857,4.0,0.86
P001966,10806.960000000001,8,2,1,1,0,11,5,0.25,5.0,0.53
P001967,4003.14,10,2,1,3,1,4,4,0.2,5.0,0.63
P001968,8334.76,11,2,1,2,2,8,7,0.1818,5.0,0.73
P001969,111657.48,12,3,3,4,1,3,6,0.25,4.5,0.74
P001970,3547.83,7,5,0,3,1,3,4,0.7143,4.8,0.47
P001971,129627.6,8,3,2,0,3,5,2,0.375,4.5,0.54
P001972,8158.88,8,1,2,0,4,5,5,0.125,4.0,0.57
P001973,74772.25,7,3,1,2,3,9,0,0.4286,4.5,0.57
P001974,7971.53,5,2,1,1,2,4,3,0.4,5.0,0.37
P001975,17588.6,4,2,1,0,3,7,3,0.5,5.0,0.36
P001976,1536.38,8,5,1,0,1,7,3,0.625,4.75,0.5
P001977,13089.25,11,5,1,2,5,6,3,0.4545,4.0,0.8
P001978,92396.58,8,4,0,0,2,7,2,0.5,4.0,0.53
P001979,74888.46,8,4,2,3,3,10,4,0.5,4.33,0.65
P001980,6378.110000000001,6,2,0,5,0,1,4,0.3333,4.23,0.41
P001981,4713.33,9,4,1,1,0,8,4,0.4444,4.67,0.55
P001982,6705.38,12,3,0,0,2,3,0,0.25,4.0,0.69
P001983,10772.050000000001,9,3,2,1,0,6,4,0.3333,4.0,0.53
P001984,2114.83,9,5,1,1,2,6,3,0.5556,4.5,0.59
P001985,31528.78,10,6,0,4,1,10,3,0.6,4.0,0.71
P001986,10949.0,9,1,0,1,1,8,5,0.1111,4.23,0.58
P001987,104817.82,12,3,1,2,0,7,4,0.25,4.0,0.71
P001988,9713.1,13,8,1,1,1,12,3,0.6154,4.14,0.82
P001989,1198.23,9,4,1,1,1,8,5,0.4444,4.5,0.58
P001990,10167.74,6,4,1,0,2,6,3,0.6667,5.0,0.42
P001991,56994.74,7,2,1,1,2,4,2,0.2857,4.23,0.47
P001992,34560.159999999996,6,1,1,1,3,10,5,0.1667,4.23,0.51
P001993,1910.5,3,0,0,1,0,5,3,0.0,4.23,0.22
P001994,2119.83,9,4,0,1,1,9,7,0.4444,5.0,0.59
P001995,173639.93,10,2,2,0,0,12,6,0.2,4.0,0.62
P001996,9991.33,9,4,0,1,3,9,5,0.4444,5.0,0.65
P001997,44142.81,6,3,0,2,2,11,1,0.5,4.0,0.51
P001998,7046.880000000001,9,5,2,4,3,4,2,0.5556,4.5,0.66
P001999,33251.18,12,5,0,2,2,7,7,0.4167,4.4,0.77
P002000,4363.3,6,2,0,1,4,11,5,0.3333,4.0,0.55
